# Wavefront OBJ file written 2026-01-10T16:13:40
o buildings_edgeMesh

# points : 2655
# lines  : 2777

# <points count="2655">
v 140.49199 62.132847 20
v 143.73297 74.898849 20
v 150.90097 74.898849 20
v 140.49197 73.425842 20
v 144.81299 59.579647 20
v 150.90099 59.579651 20
v 205.36198 52.725967 36
v 205.36197 77.055267 36
v 223.68398 77.055275 36
v 223.68399 52.725971 36
v 183.88799 63.30756 38
v 183.88797 80.138359 38
v 183.88799 67.25766 38
v 183.88797 76.016563 38
v 194.02098 63.307564 38
v 194.02097 80.138359 38
v 156.20398 66.551857 8
v 165.94397 80.138351 8
v 182.32599 66.551865 8
v 156.20396 73.345154 8
v 182.32597 80.138359 8
v 88.574455 143.89304 14
v 100.34895 149.55403 14
v 112.34995 149.55403 14
v 88.574455 138.23303 14
v 112.34995 138.23303 14
v 100.71696 118.58103 38
v 106.99896 118.58104 38
v 106.99895 132.77803 38
v 89.75946 118.58103 38
v 89.759453 132.77803 38
v 96.424362 118.58103 38
v 193.39595 120.85106 10
v 193.39595 136.52606 10
v 171.24596 120.85105 10
v 187.60295 139.59306 10
v 171.24596 139.59306 10
v 154.38997 114.29005 40
v 144.38997 88.700546 40
v 207.52997 88.700569 40
v 197.44296 114.29006 40
v 154.38997 88.700554 40
v 144.38997 114.29005 40
v 207.52997 114.29007 40
v 197.44296 88.700562 40
v 77.871468 82.713226 10
v 77.87146 123.27602 10
v 64.68856 123.27602 10
v 64.688568 82.713226 10
v 8.1901426 147.155 30
v 19.009768 102.10701 30
v 19.009752 147.155 30
v 8.1901569 102.107 30
v 48.593887 30.411516 54
v 36.786293 18.603912 54
v 27.73609 27.654009 54
v 39.543789 39.461613 54
v 77.735596 26.905924 54
v 88.727081 49.576031 54
v 77.735588 49.576027 54
v 88.727089 26.905928 54
v 177.40396 146.66006 42
v 193.13995 158.66006 42
v 177.40396 158.66006 42
v 193.13995 146.66006 42
v 157.13995 142.39604 42
v 169.13995 126.66006 42
v 157.13995 126.66006 42
v 169.13995 142.39606 42
v 114.78495 156.38004 30
v 130.56895 128.42505 30
v 114.78497 128.42503 30
v 130.56895 156.38005 30
v 116.66898 55.675137 9
v 90.100777 78.187531 9
v 116.66898 78.187538 9
v 90.100784 55.675129 9
v 90.917961 105.76003 30
v 82.893768 82.470428 30
v 90.917969 82.470428 30
v 82.893761 105.76003 30
v 32.237865 102.38401 14
v 32.237865 122.73701 14
v 62.482262 122.73702 14
v 62.482265 102.38403 14
v 28.700377 70.609009 43.998501
v 28.700382 53.976707 43.998501
v 38.171581 53.976711 43.998501
v 38.171577 70.609016 43.998501
v 59.194172 79.911926 40
v 49.707066 99.870613 40
v 59.194164 99.870621 40
v 49.707073 79.911919 40
v 74.479652 139.81802 16
v 59.524757 132.34001 16
v 59.524754 139.81801 16
v 74.479652 132.34003 16
v 202.24396 121.70207 12
v 202.24396 157.52606 12
v 213.27795 121.70207 12
v 213.27795 157.52608 12
v 122.04196 117.98304 30
v 114.78497 94.496735 30
v 122.04197 94.496735 30
v 114.78497 117.98304 30
v 61.698978 73.094223 56.5569
v 75.811188 54.563122 56.5569
v 61.698982 54.563118 56.5569
v 75.81118 73.094223 56.5569
v 219.63396 149.67807 44
v 237.28297 91.277275 44
v 237.28296 149.67807 44
v 219.63397 91.277267 44
v 144.81299 62.132847 20
v 143.73297 73.425842 20
v 140.49199 62.132847 0
v 144.81299 62.132847 0
v 140.49197 73.425842 0
v 144.81299 59.579647 0
v 150.90099 59.579651 0
v 143.73297 73.425842 0
v 143.73297 74.898849 0
v 150.90097 74.898849 0
v 223.68399 52.725971 0
v 223.68398 77.055275 0
v 205.36197 77.055267 0
v 205.36198 52.725967 0
v 186.63597 76.016563 38
v 186.63599 67.25766 38
v 194.02098 63.307564 0
v 186.63599 67.25766 0
v 183.88797 76.016563 0
v 183.88797 80.138359 0
v 186.63597 76.016563 0
v 194.02097 80.138359 0
v 183.88799 63.30756 0
v 183.88799 67.25766 0
v 156.20396 73.345154 0
v 159.14996 73.345154 8
v 159.14996 73.345154 0
v 182.32597 80.138359 0
v 165.94397 80.138351 0
v 156.20398 66.551857 0
v 182.32599 66.551865 0
v 100.34895 143.89304 14
v 112.34995 138.23303 0
v 112.34995 149.55403 0
v 100.34895 149.55403 0
v 88.574455 138.23303 0
v 88.574455 143.89304 0
v 100.34895 143.89304 0
v 100.71696 124.34203 38
v 96.424362 124.34203 38
v 100.71696 124.34203 0
v 89.75946 118.58103 0
v 96.424362 118.58103 0
v 89.759453 132.77803 0
v 106.99895 132.77803 0
v 106.99896 118.58104 0
v 100.71696 118.58103 0
v 96.424362 124.34203 0
v 187.60295 136.52606 10
v 171.24596 139.59306 0
v 171.24596 120.85105 0
v 187.60295 136.52606 0
v 193.39595 136.52606 0
v 187.60295 139.59306 0
v 193.39595 120.85106 0
v 144.38997 88.700546 0
v 197.44296 114.29006 9
v 207.52997 114.29007 0
v 197.44296 88.700562 9
v 207.52997 88.700569 0
v 154.38997 114.29005 9
v 144.38997 114.29005 0
v 154.38997 88.700554 9
v 77.871468 82.713226 0
v 64.688568 82.713226 0
v 77.87146 123.27602 0
v 64.68856 123.27602 0
v 8.1901426 147.155 0
v 8.1901569 102.107 0
v 19.009768 102.10701 0
v 19.009752 147.155 0
v 27.73609 27.654009 0
v 48.593887 30.411516 0
v 39.543789 39.461613 0
v 36.786293 18.603912 0
v 77.735596 26.905924 0
v 88.727081 49.576031 0
v 88.727089 26.905928 0
v 77.735588 49.576027 0
v 177.40396 146.66006 0
v 193.13995 158.66006 0
v 193.13995 146.66006 0
v 177.40396 158.66006 0
v 169.13995 142.39606 0
v 169.13995 126.66006 0
v 157.13995 142.39604 0
v 157.13995 126.66006 0
v 130.56895 128.42505 0
v 130.56895 156.38005 0
v 114.78495 156.38004 0
v 114.78497 128.42503 0
v 116.66898 78.187538 0
v 116.66898 55.675137 0
v 90.100784 55.675129 0
v 90.100777 78.187531 0
v 82.893761 105.76003 0
v 90.917961 105.76003 0
v 90.917969 82.470428 0
v 82.893768 82.470428 0
v 62.482265 102.38403 0
v 32.237865 102.38401 0
v 62.482262 122.73702 0
v 32.237865 122.73701 0
v 38.171581 53.976711 0
v 28.700377 70.609009 0
v 38.171577 70.609016 0
v 28.700382 53.976707 0
v 59.194172 79.911926 0
v 59.194164 99.870621 0
v 49.707073 79.911919 0
v 49.707066 99.870613 0
v 74.479652 132.34003 0
v 59.524757 132.34001 0
v 74.479652 139.81802 0
v 59.524754 139.81801 0
v 202.24396 121.70207 0
v 213.27795 121.70207 0
v 202.24396 157.52606 0
v 213.27795 157.52608 0
v 114.78497 94.496735 0
v 122.04196 117.98304 0
v 114.78497 117.98304 0
v 122.04197 94.496735 0
v 75.811188 54.563122 0
v 61.698978 73.094223 0
v 75.81118 73.094223 0
v 61.698982 54.563118 0
v 237.28296 149.67807 0
v 219.63397 91.277267 0
v 219.63396 149.67807 0
v 237.28297 91.277275 0
v 142.6525 62.132847 0
v 140.49197 70.602592 0
v 140.49199 67.779343 0
v 140.49199 64.956093 0
v 147.85699 59.579651 0
v 150.90099 61.494553 0
v 150.90099 63.409451 0
v 150.90099 65.324348 0
v 150.90097 67.23925 0
v 150.90097 69.154144 0
v 150.90097 71.069046 0
v 150.90097 72.983948 0
v 147.31697 74.898849 0
v 207.65222 52.725967 0
v 209.94247 52.725967 0
v 212.23273 52.725967 0
v 214.52298 52.725967 0
v 216.81323 52.725971 0
v 219.10349 52.725971 0
v 221.39374 52.725971 0
v 205.36197 74.014107 0
v 205.36197 70.972946 0
v 205.36197 67.931778 0
v 205.36197 64.890617 0
v 205.36198 61.849457 0
v 205.36198 58.808292 0
v 205.36198 55.767128 0
v 223.68399 55.767136 0
v 223.68399 58.808296 0
v 223.68399 61.849461 0
v 223.68398 64.890625 0
v 223.68398 67.931786 0
v 223.68398 70.972946 0
v 223.68398 74.014114 0
v 221.39374 77.055275 0
v 219.10349 77.055275 0
v 216.81323 77.055275 0
v 214.52298 77.055275 0
v 212.23273 77.055267 0
v 209.94247 77.055267 0
v 207.65222 77.055267 0
v 183.88797 78.077461 0
v 186.42122 80.138359 0
v 188.95447 80.138359 0
v 191.48772 80.138359 0
v 194.02098 66.463333 0
v 194.02098 69.61911 0
v 194.02097 72.774887 0
v 194.02097 75.930664 0
v 194.02097 78.034515 0
v 186.42123 63.30756 0
v 188.95448 63.307564 0
v 191.48773 63.307564 0
v 183.88799 65.282608 0
v 186.63597 73.826843 0
v 186.63599 70.542252 0
v 180.27823 80.138359 0
v 164.24547 78.440048 0
v 162.54697 76.741753 0
v 160.84846 75.043457 0
v 159.46924 66.551857 0
v 162.73448 66.551857 0
v 165.99973 66.551857 0
v 169.26498 66.551865 0
v 172.53024 66.551865 0
v 175.79549 66.551865 0
v 179.06073 66.551865 0
v 182.32599 69.948486 0
v 182.32599 73.345108 0
v 182.32597 76.74173 0
v 156.20398 69.948502 0
v 174.13498 80.138359 0
v 172.08722 80.138351 0
v 177.2066 80.138359 0
v 169.01559 80.138351 0
v 112.34995 141.06328 0
v 112.34995 143.89352 0
v 112.34995 146.72379 0
v 94.518326 138.23303 0
v 97.490265 138.23303 0
v 100.4622 138.23303 0
v 103.43414 138.23303 0
v 106.40608 138.23303 0
v 109.37802 138.23303 0
v 94.4617 143.89304 0
v 91.518082 143.89304 0
v 97.405327 143.89304 0
v 106.34946 149.55403 0
v 103.34921 149.55403 0
v 109.3497 149.55403 0
v 91.546387 138.23303 0
v 88.574455 141.06303 0
v 100.34895 146.72354 0
v 89.759453 129.22879 0
v 89.759453 125.67953 0
v 93.091911 118.58103 0
v 89.75946 122.13028 0
v 96.224266 132.77803 0
v 92.991859 132.77803 0
v 99.456673 132.77803 0
v 102.68908 132.77803 0
v 104.84402 132.77803 0
v 106.99896 122.13029 0
v 106.99896 125.67953 0
v 103.85796 118.58104 0
v 100.71696 121.46153 0
v 98.570663 124.34203 0
v 96.424362 121.46153 0
v 106.99895 129.22879 0
v 173.29059 139.59306 0
v 177.37982 139.59306 0
v 175.33521 139.59306 0
v 185.55832 139.59306 0
v 183.5137 139.59306 0
v 171.24596 123.1938 0
v 171.24596 127.87931 0
v 171.24596 125.53656 0
v 171.24596 132.56482 0
v 171.24596 130.22206 0
v 171.24596 137.25031 0
v 171.24596 134.90756 0
v 190.49945 136.52606 0
v 193.39595 126.72919 0
v 193.39595 128.68857 0
v 193.39595 134.56668 0
v 174.01471 120.85105 0
v 176.78345 120.85105 0
v 179.5522 120.85105 0
v 182.32095 120.85106 0
v 185.08971 120.85106 0
v 187.85846 120.85106 0
v 190.6272 120.85106 0
v 180.44678 139.59306 0
v 193.39595 123.79013 0
v 193.39595 131.62762 0
v 194.75215 88.700562 0
v 197.44296 88.700562 0
v 183.98891 88.700562 0
v 186.67972 88.700562 0
v 170.53485 88.700554 0
v 173.22566 88.700562 0
v 162.46242 88.700554 0
v 165.15323 88.700554 0
v 144.38997 91.899231 0
v 144.38997 98.296616 0
v 144.38997 95.097923 0
v 144.38997 104.69398 0
v 144.38997 101.4953 0
v 144.38997 111.09135 0
v 144.38997 107.89267 0
v 202.48647 114.29007 0
v 199.96472 114.29006 0
v 205.00821 114.29007 0
v 205.00821 88.700569 0
v 199.96472 88.700562 0
v 202.48647 88.700562 0
v 151.88997 88.700554 0
v 154.38997 88.700554 0
v 149.38997 88.700546 0
v 146.88997 88.700546 0
v 146.88997 114.29005 0
v 149.38997 114.29005 0
v 151.88997 114.29005 0
v 154.38997 114.29005 0
v 207.52997 111.09138 0
v 207.52997 104.694 0
v 207.52997 107.89269 0
v 207.52997 98.296631 0
v 207.52997 101.49532 0
v 207.52997 91.899261 0
v 207.52997 95.097946 0
v 157.08078 114.29005 0
v 167.84404 114.29005 0
v 165.15323 114.29005 0
v 181.2981 114.29006 0
v 178.60728 114.29006 0
v 189.37053 114.29006 0
v 186.67972 114.29006 0
v 189.37053 88.700562 0
v 175.91647 88.700562 0
v 178.60728 88.700562 0
v 167.84404 88.700554 0
v 157.08078 88.700554 0
v 159.77161 88.700554 0
v 162.46242 114.29005 0
v 175.91647 114.29006 0
v 173.22566 114.29005 0
v 183.98891 114.29006 0
v 194.75215 114.29006 0
v 192.06134 114.29006 0
v 181.2981 88.700562 0
v 197.44296 114.29006 0
v 159.77161 114.29005 0
v 170.53485 114.29005 0
v 192.06134 88.700562 0
v 77.871468 85.248398 0
v 77.871468 92.853928 0
v 77.871468 95.389099 0
v 67.984291 82.713226 0
v 71.280014 82.713226 0
v 74.575745 82.713226 0
v 74.575737 123.27602 0
v 71.280014 123.27602 0
v 67.984283 123.27602 0
v 64.68856 120.74084 0
v 64.68856 113.13533 0
v 64.68856 110.60016 0
v 77.871468 87.783577 0
v 77.871468 90.318756 0
v 77.87146 100.45946 0
v 77.87146 102.99463 0
v 77.87146 105.5298 0
v 77.87146 108.06498 0
v 77.87146 110.60016 0
v 77.87146 113.13533 0
v 77.87146 115.6705 0
v 77.87146 118.20567 0
v 77.87146 120.74084 0
v 64.68856 118.20567 0
v 64.68856 115.6705 0
v 64.68856 105.5298 0
v 64.68856 102.99463 0
v 64.68856 100.45946 0
v 64.688568 97.924278 0
v 64.688568 95.389099 0
v 64.688568 87.783577 0
v 64.688568 85.248398 0
v 77.871468 97.924278 0
v 64.68856 108.06498 0
v 64.688568 92.853928 0
v 64.688568 90.318756 0
v 16.30485 147.155 0
v 13.599947 147.155 0
v 10.89506 102.107 0
v 13.599962 102.10701 0
v 8.1901436 144.33951 0
v 8.1901445 141.524 0
v 8.1901455 138.7085 0
v 8.1901464 135.89301 0
v 8.1901474 133.0775 0
v 8.1901484 130.26199 0
v 8.1901493 127.4465 0
v 8.1901503 124.631 0
v 8.1901512 121.8155 0
v 8.1901512 119 0
v 8.1901522 116.1845 0
v 8.1901531 113.369 0
v 8.1901541 110.5535 0
v 8.190155 107.73801 0
v 8.190156 104.9225 0
v 19.009766 104.92251 0
v 19.009766 107.73801 0
v 19.009766 110.5535 0
v 19.009764 113.369 0
v 19.009762 116.1845 0
v 19.009762 119 0
v 19.00976 121.81551 0
v 19.00976 124.631 0
v 19.00976 127.4465 0
v 19.009758 130.26201 0
v 19.009756 133.07751 0
v 19.009756 135.89301 0
v 19.009756 138.7085 0
v 19.009754 141.524 0
v 19.009752 144.33951 0
v 10.895043 147.155 0
v 16.304865 102.10701 0
v 29.998642 25.391483 0
v 46.331364 32.674038 0
v 30.688015 30.605911 0
v 29.212051 29.129959 0
v 32.901958 32.819839 0
v 35.115902 35.03376 0
v 37.329845 37.247688 0
v 45.641987 27.459614 0
v 47.117935 28.935564 0
v 43.428062 25.245687 0
v 41.214142 23.031763 0
v 39.000214 20.817837 0
v 32.261192 23.12896 0
v 44.06884 34.936562 0
v 34.523743 20.866436 0
v 41.806313 37.199089 0
v 80.483467 26.905924 0
v 83.231339 26.905926 0
v 85.97921 49.576031 0
v 83.231339 49.576031 0
v 85.979218 26.905928 0
v 80.483459 49.576027 0
v 88.727089 29.739689 0
v 88.727081 46.742264 0
v 77.735588 46.742264 0
v 77.735596 29.739685 0
v 88.727089 32.573452 0
v 88.727089 35.407215 0
v 88.727089 38.240978 0
v 88.727081 41.074741 0
v 88.727081 43.908504 0
v 77.735588 43.908501 0
v 77.735588 41.074738 0
v 77.735596 38.240974 0
v 77.735596 35.407211 0
v 77.735596 32.573448 0
v 193.13995 149.66006 0
v 193.13995 152.66006 0
v 177.40396 155.66006 0
v 177.40396 152.66006 0
v 180.35446 146.66006 0
v 183.30496 146.66006 0
v 186.25546 146.66006 0
v 189.20596 146.66006 0
v 191.17296 146.66006 0
v 190.18945 158.66006 0
v 187.23895 158.66006 0
v 184.28845 158.66006 0
v 181.33795 158.66006 0
v 179.37096 158.66006 0
v 193.13995 155.66006 0
v 177.40396 149.66006 0
v 169.13995 140.42906 0
v 169.13995 137.47856 0
v 169.13995 134.52806 0
v 169.13995 131.57756 0
v 169.13995 128.62706 0
v 160.13995 142.39604 0
v 166.13995 142.39606 0
v 163.13995 142.39606 0
v 157.13995 129.61057 0
v 157.13995 132.56105 0
v 157.13995 135.51154 0
v 157.13995 138.46204 0
v 157.13995 140.42905 0
v 163.13995 126.66006 0
v 166.13995 126.66006 0
v 160.13995 126.66006 0
v 130.56895 131.91943 0
v 130.56895 135.4138 0
v 130.56895 138.90817 0
v 130.56895 142.40256 0
v 130.56895 145.89693 0
v 130.56895 149.3913 0
v 130.56895 152.88568 0
v 114.78495 152.88565 0
v 114.78496 149.39128 0
v 114.78496 145.89691 0
v 114.78496 142.40253 0
v 114.78496 138.90816 0
v 114.78496 135.41379 0
v 114.78497 131.9194 0
v 117.74446 128.42503 0
v 120.70396 128.42503 0
v 123.66345 128.42503 0
v 126.62296 128.42505 0
v 128.59595 128.42505 0
v 127.60945 156.38005 0
v 124.64996 156.38005 0
v 121.69046 156.38005 0
v 118.73096 156.38004 0
v 116.75795 156.38004 0
v 116.66898 75.373489 0
v 116.66898 61.303238 0
v 116.66898 64.117287 0
v 116.66898 58.489189 0
v 90.100784 58.489182 0
v 90.100777 72.559433 0
v 90.100777 69.745377 0
v 90.100777 75.373482 0
v 113.34796 55.675137 0
v 106.70591 55.675133 0
v 110.02693 55.675133 0
v 100.06386 55.675133 0
v 103.38489 55.675133 0
v 93.421814 55.675129 0
v 96.742836 55.675133 0
v 93.421799 78.187531 0
v 100.06385 78.187531 0
v 96.742828 78.187531 0
v 106.7059 78.187538 0
v 103.38487 78.187531 0
v 113.34795 78.187538 0
v 110.02692 78.187538 0
v 116.66898 69.745384 0
v 116.66898 72.559433 0
v 90.100784 64.117279 0
v 90.100784 61.30323 0
v 116.66898 66.931335 0
v 90.100784 66.931328 0
v 85.902832 105.76003 0
v 88.911911 105.76003 0
v 87.90889 82.470428 0
v 84.899818 82.470428 0
v 90.917961 99.937637 0
v 90.917961 102.84883 0
v 90.917961 97.026436 0
v 90.917961 94.115234 0
v 90.917969 91.204033 0
v 90.917969 88.292831 0
v 90.917969 85.38163 0
v 82.893768 85.38163 0
v 82.893768 88.292831 0
v 82.893768 91.204033 0
v 82.893761 94.115234 0
v 82.893761 97.026436 0
v 82.893761 99.937637 0
v 82.893761 102.84883 0
v 35.07328 102.38401 0
v 62.482262 120.1929 0
v 62.482262 115.10464 0
v 62.482262 117.64877 0
v 62.482265 110.0164 0
v 62.482262 112.56052 0
v 62.482265 104.92815 0
v 62.482265 107.47227 0
v 32.237865 110.01639 0
v 32.237865 107.47226 0
v 32.237865 115.10463 0
v 32.237865 112.56051 0
v 32.237865 120.19289 0
v 32.237865 117.64876 0
v 35.07328 122.73701 0
v 50.195473 122.73701 0
v 47.360062 122.73701 0
v 57.756577 122.73702 0
v 54.921162 122.73701 0
v 45.469788 102.38402 0
v 48.305206 102.38402 0
v 37.908691 102.38402 0
v 40.744102 102.38402 0
v 32.237865 104.92813 0
v 40.744102 122.73701 0
v 37.908691 122.73701 0
v 45.469788 122.73701 0
v 53.030884 122.73701 0
v 60.591988 122.73702 0
v 51.140617 102.38402 0
v 53.976028 102.38402 0
v 43.579514 102.38402 0
v 43.579514 122.73701 0
v 56.81144 102.38402 0
v 59.646851 102.38403 0
v 38.171577 64.371902 0
v 38.171577 67.490463 0
v 38.171581 61.253342 0
v 38.171581 58.134789 0
v 38.171581 56.055748 0
v 28.70038 60.213821 0
v 28.700382 57.095261 0
v 28.700378 63.332375 0
v 28.700378 66.450935 0
v 28.700377 68.529968 0
v 35.80378 70.609016 0
v 33.435978 70.609016 0
v 31.068182 53.976707 0
v 33.435982 53.976707 0
v 31.068176 70.609009 0
v 35.80378 53.976711 0
v 56.822388 99.870621 0
v 54.450615 99.870621 0
v 52.07885 79.911919 0
v 54.450623 79.911926 0
v 59.194172 82.406761 0
v 59.194172 84.901596 0
v 59.194168 87.396439 0
v 59.194168 89.891273 0
v 59.194168 92.386108 0
v 59.194164 94.880951 0
v 59.194164 97.375786 0
v 49.707066 97.375778 0
v 49.707069 94.880936 0
v 49.707069 92.386101 0
v 49.707069 89.891266 0
v 49.707069 87.396431 0
v 49.707069 84.901596 0
v 49.707073 82.406754 0
v 52.078842 99.870613 0
v 56.822395 79.911926 0
v 63.263481 139.81801 0
v 61.394119 139.81801 0
v 74.479652 137.01376 0
v 74.479652 134.20953 0
v 59.524757 134.2095 0
v 59.524757 137.01376 0
v 72.610291 132.34003 0
v 70.740929 132.34003 0
v 67.93689 132.34003 0
v 65.132843 132.34001 0
v 62.3288 132.34001 0
v 66.06752 139.81801 0
v 68.871567 139.81802 0
v 71.675613 139.81802 0
v 202.24396 130.65808 0
v 202.24396 128.41908 0
v 202.24396 139.61407 0
v 202.24396 137.37508 0
v 202.24396 148.57007 0
v 202.24396 146.33107 0
v 205.00246 121.70207 0
v 207.76096 121.70207 0
v 210.51945 121.70207 0
v 213.27795 123.94107 0
v 213.27795 130.65808 0
v 213.27795 132.89708 0
v 213.27795 139.61407 0
v 213.27795 141.85307 0
v 213.27795 148.57007 0
v 213.27795 150.80907 0
v 202.24396 123.94107 0
v 202.24396 132.89708 0
v 202.24396 141.85307 0
v 202.24396 150.80907 0
v 210.51945 157.52608 0
v 213.27795 128.41908 0
v 213.27795 137.37508 0
v 213.27795 146.33107 0
v 213.27795 155.28708 0
v 202.24396 126.18008 0
v 202.24396 135.13608 0
v 202.24396 144.09207 0
v 202.24396 155.28706 0
v 202.24396 153.04807 0
v 213.27795 126.18008 0
v 213.27795 135.13608 0
v 213.27795 144.09207 0
v 213.27795 153.04807 0
v 205.00246 157.52606 0
v 207.76096 157.52606 0
v 114.78497 97.432526 0
v 114.78497 100.36831 0
v 114.78497 103.30409 0
v 114.78497 106.23988 0
v 114.78497 109.17567 0
v 114.78497 112.11147 0
v 114.78497 115.04726 0
v 122.04196 115.04726 0
v 122.04196 112.11147 0
v 122.04196 109.17567 0
v 122.04197 106.23988 0
v 122.04197 103.30409 0
v 122.04197 100.36831 0
v 122.04197 97.432526 0
v 118.41347 117.98304 0
v 118.41347 94.496735 0
v 61.698978 70.777832 0
v 75.811188 59.1959 0
v 75.811188 61.512287 0
v 72.283134 54.563122 0
v 68.755081 54.563118 0
v 65.227036 54.563118 0
v 61.698982 56.879505 0
v 61.698982 59.195892 0
v 61.698978 66.145058 0
v 61.698982 63.828671 0
v 61.698978 68.461449 0
v 75.81118 70.777832 0
v 75.81118 68.461449 0
v 75.81118 63.828674 0
v 75.811188 56.879509 0
v 65.227028 73.094223 0
v 68.755081 73.094223 0
v 72.283127 73.094223 0
v 75.81118 66.145065 0
v 61.698982 61.512283 0
v 237.28296 142.37798 0
v 237.28296 146.02802 0
v 237.28296 135.07788 0
v 237.28296 138.72794 0
v 237.28296 131.42783 0
v 237.28296 127.77778 0
v 237.28296 124.12773 0
v 237.28296 120.47768 0
v 237.28297 116.82762 0
v 237.28297 113.17757 0
v 237.28297 109.52753 0
v 237.28297 102.22742 0
v 237.28297 105.87747 0
v 237.28297 98.577377 0
v 237.28297 94.927322 0
v 219.63397 98.57737 0
v 219.63397 94.927322 0
v 219.63397 102.22742 0
v 219.63397 105.87747 0
v 219.63397 109.52752 0
v 219.63397 113.17757 0
v 219.63397 116.82762 0
v 219.63397 120.47767 0
v 219.63397 124.12772 0
v 219.63396 127.77777 0
v 219.63396 131.42783 0
v 219.63396 138.72791 0
v 219.63396 135.07787 0
v 219.63396 142.37796 0
v 219.63396 146.02802 0
v 221.84009 149.67807 0
v 224.0462 149.67807 0
v 226.25233 149.67807 0
v 228.45847 149.67807 0
v 230.66458 149.67807 0
v 232.87071 149.67807 0
v 235.07684 149.67807 0
v 235.07684 91.277275 0
v 232.87073 91.277275 0
v 230.6646 91.277275 0
v 228.45847 91.277267 0
v 226.25235 91.277267 0
v 224.04622 91.277267 0
v 221.84009 91.277267 0
v 150.90097 65.324348 20
v 150.90097 67.23925 20
v 140.49199 67.779343 20
v 140.49199 64.956093 20
v 143.73297 74.898849 5
v 143.73297 74.898849 7.5
v 150.90097 74.898849 12.5
v 150.90097 74.898849 10
v 140.49197 70.602592 20
v 142.6525 62.132847 20
v 147.31697 74.898849 20
v 140.49199 62.132847 13.529053
v 140.49199 62.132847 10
v 140.49199 62.132847 2.5
v 140.49199 62.132847 5
v 140.49199 62.132847 7.5
v 144.81299 59.579647 5
v 144.81299 59.579647 2.5
v 143.73297 74.898849 17.5
v 143.73297 74.898849 15
v 150.90097 74.898849 17.5
v 150.90097 74.898849 7.5
v 150.90097 74.898849 15
v 150.90097 62.452003 20
v 150.90099 59.579651 5
v 150.90099 59.579651 7.5
v 150.90099 59.579651 15
v 150.90099 59.579651 17.5
v 143.73297 74.898849 12.5
v 143.73297 74.898849 10
v 143.73297 74.898849 2.5
v 150.90097 74.898849 5
v 150.90097 74.898849 2.5
v 144.81299 59.579647 13.4375
v 144.81299 59.579647 10.625
v 144.81299 59.579647 7.8125
v 150.90097 69.154144 20
v 140.49197 73.425842 6.25
v 140.49197 73.425842 3.125
v 140.49197 73.425842 17.1875
v 140.49197 73.425842 14.375
v 150.90099 59.579651 2.5
v 150.90099 59.579651 12.5
v 150.90099 59.579651 10
v 150.90097 72.026497 20
v 144.81299 59.579647 16.25
v 144.81299 59.579647 18.125
v 140.49197 73.425842 9.0625
v 140.49197 73.425842 11.25
v 140.49199 62.132847 16.616211
v 147.85699 59.579651 20
v 223.68398 64.890625 36
v 223.68398 67.931786 36
v 207.65222 52.725967 36
v 209.94247 52.725967 36
v 212.23273 52.725967 36
v 214.52298 52.725967 36
v 205.36198 52.725967 32.625
v 205.36197 77.055267 33.75
v 216.81323 52.725971 36
v 219.10349 52.725971 36
v 221.39374 52.725971 36
v 221.39374 77.055275 36
v 219.10349 77.055275 36
v 223.68399 58.808296 36
v 223.68399 61.849461 36
v 223.68398 77.055275 11.25
v 223.68398 77.055275 13.5
v 223.68398 77.055275 15.75
v 223.68398 77.055275 18
v 223.68398 77.055275 20.25
v 223.68398 77.055275 22.5
v 223.68398 77.055275 24.75
v 223.68398 77.055275 27
v 223.68399 52.725971 3.375
v 205.36197 77.055267 7.875
v 205.36197 77.055267 10.125
v 205.36197 77.055267 20.25
v 205.36197 77.055267 22.5
v 205.36197 77.055267 29.25
v 205.36197 77.055267 31.5
v 223.68398 77.055275 3.375
v 212.23273 77.055267 36
v 214.52298 77.055275 36
v 205.36198 52.725967 5.625
v 205.36198 52.725967 2.8125
v 205.36198 58.808292 36
v 205.36198 55.767128 36
v 216.81323 77.055275 36
v 223.68398 77.055275 7.875
v 205.36197 61.849457 36
v 205.36197 64.890617 36
v 205.36197 67.931778 36
v 205.36197 70.972946 36
v 205.36197 74.014107 36
v 223.68398 70.972946 36
v 223.68398 74.014114 36
v 223.68398 77.055275 33.75
v 223.68398 77.055275 30.375
v 223.68399 52.725971 5.625
v 223.68399 52.725971 7.875
v 223.68399 52.725971 10.125
v 223.68399 52.725971 14.625
v 223.68399 52.725971 16.875
v 223.68399 52.725971 19.125
v 223.68399 52.725971 23.625
v 223.68399 52.725971 25.875
v 223.68399 52.725971 28.125
v 223.68399 52.725971 30.375
v 223.68399 52.725971 33.75
v 205.36198 52.725967 10.125
v 205.36198 52.725967 7.875
v 205.36198 52.725967 19.125
v 205.36198 52.725967 16.875
v 205.36198 52.725967 29.25
v 205.36197 77.055267 5.625
v 205.36197 77.055267 2.8125
v 205.36197 77.055267 14.625
v 205.36197 77.055267 12.375
v 205.36197 77.055267 18
v 205.36197 77.055267 25.875
v 207.65222 77.055267 36
v 209.94247 77.055267 36
v 223.68399 55.767136 36
v 205.36198 52.725967 13.5
v 205.36198 52.725967 22.5
v 205.36198 52.725967 25.875
v 223.68399 52.725971 12.375
v 223.68399 52.725971 21.375
v 223.68398 77.055275 5.625
v 186.42123 63.30756 38
v 183.88799 65.282608 38
v 183.88797 78.077461 38
v 188.95448 63.307564 38
v 186.63599 73.826843 38
v 186.63599 70.542252 38
v 188.95447 80.138359 38
v 186.42122 80.138359 38
v 194.02097 71.722961 38
v 194.02097 74.878738 38
v 183.88797 80.138359 30.875
v 183.88797 80.138359 28.5
v 183.88797 76.016563 19
v 183.88797 76.016563 16.625
v 191.48773 63.307564 38
v 194.02097 66.463333 38
v 194.02097 69.61911 38
v 183.88799 63.30756 4.75
v 183.88799 63.30756 7.125
v 183.88797 76.016563 26.125
v 183.88797 76.016563 28.5
v 183.88797 80.138359 14.25
v 183.88797 80.138359 11.875
v 183.88799 67.25766 27.3125
v 183.88799 67.25766 23.75
v 183.88799 67.25766 14.25
v 183.88799 67.25766 11.875
v 183.88797 76.016563 21.375
v 183.88797 80.138359 17.8125
v 183.88797 80.138359 35.625
v 183.88797 80.138359 33.25
v 183.88797 76.016563 13.0625
v 183.88797 80.138359 24.9375
v 183.88797 80.138359 21.375
v 183.88797 80.138359 4.75
v 183.88797 80.138359 7.125
v 194.02097 80.138359 11.875
v 194.02097 80.138359 14.25
v 194.02097 80.138359 16.625
v 194.02097 80.138359 20.1875
v 194.02097 80.138359 23.75
v 194.02097 80.138359 26.125
v 194.02097 80.138359 29.6875
v 194.02097 80.138359 33.25
v 194.02098 63.307564 35.625
v 194.02098 63.307564 33.25
v 194.02098 63.307564 30.875
v 194.02098 63.307564 28.5
v 194.02098 63.307564 26.125
v 194.02098 63.307564 23.75
v 194.02098 63.307564 21.375
v 194.02098 63.307564 19
v 194.02098 63.307564 11.875
v 194.02098 63.307564 9.5
v 194.02098 63.307564 2.375
v 183.88799 63.30756 14.25
v 183.88799 63.30756 11.875
v 183.88799 63.30756 33.25
v 183.88799 63.30756 30.875
v 183.88799 63.30756 35.625
v 194.02098 63.307564 5.9375
v 194.02098 63.307564 15.4375
v 183.88799 63.30756 28.5
v 183.88799 67.25766 4.75
v 183.88799 67.25766 7.125
v 183.88799 67.25766 16.625
v 183.88799 67.25766 20.1875
v 183.88797 76.016563 9.5
v 183.88797 76.016563 7.125
v 183.88799 67.25766 30.875
v 183.88799 67.25766 34.4375
v 183.88797 76.016563 23.75
v 194.02097 80.138359 35.625
v 194.02097 80.138359 7.125
v 194.02097 80.138359 3.5625
v 183.88799 63.30756 16.625
v 183.88799 63.30756 9.5
v 183.88797 80.138359 9.5
v 183.88797 76.016563 3.5625
v 183.88797 76.016563 32.0625
v 194.02097 80.138359 9.5
v 183.88799 63.30756 24.9375
v 183.88799 67.25766 9.5
v 183.88797 76.016563 35.625
v 183.88799 63.30756 19
v 183.88799 63.30756 21.375
v 183.88797 80.138359 2.375
v 183.88799 63.30756 2.375
v 183.88799 67.25766 2.375
v 191.48772 80.138359 38
v 156.20398 69.948502 8
v 156.20398 66.551857 2
v 156.20398 66.551857 4
v 156.20398 66.551857 6
v 156.20396 73.345154 3
v 171.06335 80.138351 8
v 167.99173 80.138351 8
v 165.94397 80.138351 5
v 156.20396 73.345154 5.5
v 159.46924 66.551857 8
v 162.73448 66.551857 8
v 165.99973 66.551857 8
v 169.26498 66.551865 8
v 179.06073 66.551865 8
v 165.94397 80.138351 2
v 175.79549 66.551865 8
v 172.53024 66.551865 8
v 182.32599 66.551865 6
v 182.32599 66.551865 4
v 182.32597 76.74173 8
v 182.32597 80.138359 4.5
v 174.13498 80.138351 8
v 177.2066 80.138359 8
v 179.25435 80.138359 8
v 182.32599 73.345108 8
v 163.39621 77.590897 8
v 161.27309 75.468025 8
v 182.32599 66.551865 2
v 182.32599 69.948486 8
v 182.32597 80.138359 2.25
v 91.518082 143.89304 14
v 103.34921 149.55403 14
v 100.34895 149.55403 10.5
v 97.405327 143.89304 14
v 109.3497 149.55403 14
v 106.34946 149.55403 14
v 88.574455 143.89304 7
v 88.574455 143.89304 3.5
v 94.4617 143.89304 14
v 88.574455 141.06303 14
v 100.34895 146.72354 14
v 112.34995 146.72379 14
v 112.34995 143.89352 14
v 112.34995 141.06328 14
v 88.574455 143.89304 10.5
v 100.34895 149.55403 3.5
v 100.34895 149.55403 7
v 112.34995 138.23303 3.5
v 112.34995 149.55403 3.5
v 112.34995 149.55403 7
v 112.34995 149.55403 10.5
v 88.574455 138.23303 10.5
v 88.574455 138.23303 7
v 88.574455 138.23303 3.5
v 112.34995 138.23303 10.5
v 91.825012 138.23303 14
v 112.34995 138.23303 7
v 107.67175 138.23303 14
v 110.01085 138.23303 14
v 94.959473 138.23303 14
v 98.250656 138.23303 14
v 101.58104 138.23303 14
v 104.78189 138.23303 14
v 100.71696 121.46153 38
v 89.759453 132.77803 30.875
v 89.759453 132.77803 28.5
v 103.85796 118.58104 38
v 106.99896 122.13029 38
v 106.99896 125.67953 38
v 106.99895 129.22879 38
v 98.570663 124.34203 38
v 93.091911 118.58103 38
v 89.75946 122.13028 38
v 89.759453 125.67953 38
v 89.759453 129.22879 38
v 104.84402 132.77803 38
v 100.71696 118.58103 34.4375
v 100.71696 118.58103 4.75
v 100.71696 118.58103 8.3125
v 98.379204 132.77803 38
v 96.224266 132.77803 38
v 106.99895 132.77803 16.625
v 106.99895 132.77803 20.1875
v 100.71696 118.58103 19
v 100.71696 118.58103 15.4375
v 89.75946 118.58103 2.375
v 89.75946 118.58103 28.5
v 89.75946 118.58103 30.875
v 96.424362 118.58103 32.0625
v 96.424362 118.58103 35.03125
v 89.75946 118.58103 33.25
v 101.61161 132.77803 38
v 92.991859 132.77803 38
v 89.759453 132.77803 7.125
v 89.759453 132.77803 10.6875
v 89.759453 132.77803 14.25
v 89.759453 132.77803 16.625
v 89.759453 132.77803 19
v 89.759453 132.77803 21.375
v 89.759453 132.77803 23.75
v 89.759453 132.77803 26.125
v 89.759453 132.77803 34.4375
v 106.99895 132.77803 26.125
v 106.99895 132.77803 23.75
v 106.99895 132.77803 14.25
v 106.99895 132.77803 7.125
v 106.99895 132.77803 3.5625
v 106.99896 118.58104 4.75
v 106.99896 118.58104 2.375
v 106.99896 118.58104 11.875
v 106.99896 118.58104 9.5
v 106.99896 118.58104 7.125
v 106.99896 118.58104 14.25
v 106.99896 118.58104 16.625
v 106.99896 118.58104 33.25
v 106.99896 118.58104 35.625
v 100.71696 118.58103 11.875
v 100.71696 118.58103 2.375
v 96.424362 118.58103 10.6875
v 96.424362 118.58103 7.125
v 89.75946 118.58103 4.75
v 89.75946 118.58103 7.125
v 89.75946 118.58103 14.25
v 89.75946 118.58103 16.625
v 89.75946 118.58103 22.5625
v 89.75946 118.58103 26.125
v 89.75946 118.58103 35.625
v 89.759453 132.77803 4.75
v 89.759453 132.77803 2.375
v 96.424362 118.58103 26.125
v 96.424362 118.58103 29.09375
v 106.99896 118.58104 28.5
v 106.99896 118.58104 30.875
v 100.71696 118.58103 30.875
v 89.75946 118.58103 9.5
v 106.99895 132.77803 34.4375
v 106.99895 132.77803 30.875
v 106.99895 132.77803 10.6875
v 106.99895 132.77803 28.5
v 106.99896 118.58104 19
v 106.99896 118.58104 22.5625
v 100.71696 118.58103 27.3125
v 100.71696 118.58103 22.5625
v 89.75946 118.58103 11.875
v 96.424362 118.58103 3.5625
v 96.424362 118.58103 14.25
v 96.424362 118.58103 17.21875
v 106.99896 118.58104 26.125
v 96.424362 121.46153 38
v 96.424362 118.58103 23.15625
v 100.71696 118.58103 24.9375
v 96.424362 118.58103 20.1875
v 89.75946 118.58103 19
v 190.49945 136.52606 10
v 193.39595 123.79013 10
v 193.39595 136.52606 7.5
v 193.39595 136.52606 5
v 193.39595 136.52606 2.5
v 171.24596 123.1938 10
v 178.40213 139.59306 10
v 175.33521 139.59306 10
v 174.01471 120.85105 10
v 179.5522 120.85105 10
v 176.78345 120.85105 10
v 181.46909 139.59306 10
v 183.5137 139.59306 10
v 171.24596 139.59306 2.5
v 171.24596 132.56482 10
v 171.24596 134.90756 10
v 185.55832 139.59306 10
v 187.85846 120.85106 10
v 185.08971 120.85106 10
v 190.6272 120.85106 10
v 193.39595 126.72919 10
v 171.24596 125.53656 10
v 171.24596 127.87931 10
v 171.24596 130.22206 10
v 193.39595 129.66826 10
v 193.39595 132.60732 10
v 182.32095 120.85106 10
v 171.24596 139.59306 5
v 171.24596 139.59306 7.5
v 187.60295 139.59306 7.5
v 187.60295 139.59306 5
v 187.60295 139.59306 2.5
v 171.24596 120.85105 2.5
v 171.24596 120.85105 5
v 171.24596 120.85105 7.5
v 171.24596 137.25031 10
v 193.39595 120.85106 7.5
v 193.39595 120.85106 5
v 193.39595 120.85106 2.5
v 173.29059 139.59306 10
v 144.38997 114.29005 2.25
v 144.38997 114.29005 4.5
v 144.38997 114.29005 6.75
v 154.38997 111.09137 40
v 144.38997 98.296616 40
v 144.38997 95.097923 40
v 144.38997 91.899231 40
v 207.52997 91.899261 40
v 207.52997 95.097946 40
v 207.52997 98.296631 40
v 197.44296 111.09137 40
v 207.52997 114.29007 9
v 207.52997 114.29007 6.75
v 207.52997 114.29007 4.5
v 207.52997 114.29007 2.25
v 207.52997 88.700569 4.5
v 207.52997 88.700569 6.75
v 207.52997 88.700569 9
v 207.52997 88.700569 2.25
v 144.38997 88.700546 9
v 144.38997 88.700546 6.75
v 144.38997 88.700546 4.5
v 144.38997 88.700546 2.25
v 144.38997 114.29005 9
v 154.38997 91.899246 40
v 154.38997 95.097931 40
v 154.38997 98.296616 40
v 144.38997 111.09135 40
v 207.52997 111.09138 40
v 197.44296 91.899246 40
v 197.44296 98.296631 40
v 197.44296 95.097939 40
v 167.84404 88.700554 9
v 170.53485 88.700554 9
v 183.98891 114.29006 9
v 186.67972 114.29006 9
v 207.52997 114.29007 18.6875
v 207.52997 114.29007 21.59375
v 154.38997 101.4953 40
v 154.38997 104.69398 40
v 154.38997 107.89268 40
v 144.38997 101.4953 40
v 207.52997 101.49532 40
v 197.44296 107.89268 40
v 197.44296 104.694 40
v 197.44296 101.49532 40
v 197.44296 88.700562 24.5
v 197.44296 88.700562 21.59375
v 154.38997 88.700554 36.125
v 154.38997 88.700554 38.0625
v 154.38997 88.700554 11.90625
v 157.08078 88.700554 9
v 159.77161 88.700554 9
v 162.46242 88.700554 9
v 173.22566 88.700562 9
v 175.91647 88.700562 9
v 178.60728 88.700562 9
v 181.2981 88.700562 9
v 183.98891 88.700562 9
v 186.67972 88.700562 9
v 189.37053 88.700562 9
v 192.06134 88.700562 9
v 194.75215 88.700562 9
v 194.75215 114.29006 9
v 192.06134 114.29006 9
v 189.37053 114.29006 9
v 181.2981 114.29006 9
v 178.60728 114.29006 9
v 175.91647 114.29006 9
v 173.22566 114.29005 9
v 170.53485 114.29005 9
v 167.84404 114.29005 9
v 165.15323 114.29005 9
v 162.46242 114.29005 9
v 159.77161 114.29005 9
v 157.08078 114.29005 9
v 197.44296 88.700562 10.9375
v 197.44296 88.700562 35.15625
v 197.44296 88.700562 38.0625
v 197.44296 114.29006 38.0625
v 197.44296 114.29006 36.125
v 197.44296 114.29006 34.1875
v 197.44296 114.29006 28.375
v 197.44296 114.29006 26.4375
v 197.44296 114.29006 20.625
v 197.44296 114.29006 17.71875
v 151.88997 114.29005 40
v 149.38997 114.29005 40
v 146.88997 114.29005 40
v 151.88997 88.700554 40
v 149.38997 88.700546 40
v 146.88997 88.700546 40
v 144.38997 107.89267 40
v 144.38997 104.69398 40
v 144.38997 114.29005 36.125
v 144.38997 114.29005 38.0625
v 144.38997 114.29005 11.90625
v 154.38997 114.29005 13.84375
v 154.38997 114.29005 10.9375
v 144.38997 88.700546 36.125
v 144.38997 88.700546 38.0625
v 144.38997 88.700546 10.9375
v 144.38997 88.700546 13.84375
v 144.38997 114.29005 34.1875
v 144.38997 114.29005 28.375
v 144.38997 114.29005 25.46875
v 144.38997 114.29005 20.625
v 144.38997 114.29005 17.71875
v 154.38997 114.29005 36.125
v 154.38997 114.29005 38.0625
v 154.38997 88.700554 34.1875
v 154.38997 88.700554 28.375
v 154.38997 88.700554 26.4375
v 154.38997 88.700554 20.625
v 154.38997 88.700554 17.71875
v 199.96472 88.700562 40
v 202.48647 88.700562 40
v 205.00821 88.700569 40
v 207.52997 104.694 40
v 207.52997 107.89269 40
v 205.00821 114.29007 40
v 202.48647 114.29007 40
v 199.96472 114.29006 40
v 207.52997 114.29007 35.15625
v 207.52997 114.29007 38.0625
v 207.52997 114.29007 10.9375
v 207.52997 114.29007 13.84375
v 207.52997 88.700569 38.0625
v 207.52997 88.700569 36.125
v 207.52997 88.700569 34.1875
v 207.52997 88.700569 28.375
v 207.52997 88.700569 25.46875
v 207.52997 88.700569 20.625
v 207.52997 88.700569 17.71875
v 197.44296 114.29006 11.90625
v 207.52997 114.29007 32.25
v 207.52997 114.29007 26.4375
v 207.52997 114.29007 24.5
v 207.52997 88.700569 11.90625
v 197.44296 88.700562 32.25
v 197.44296 88.700562 26.4375
v 197.44296 88.700562 13.84375
v 154.38997 88.700554 31.28125
v 144.38997 114.29005 31.28125
v 197.44296 114.29006 31.28125
v 207.52997 88.700569 31.28125
v 144.38997 88.700546 33.21875
v 144.38997 88.700546 29.828125
v 144.38997 88.700546 16.75
v 165.15323 88.700554 9
v 154.38997 114.29005 33.21875
v 154.38997 114.29005 30.3125
v 154.38997 114.29005 16.75
v 207.52997 114.29007 16.75
v 207.52997 114.29007 29.34375
v 197.44296 88.700562 29.34375
v 144.38997 114.29005 22.5625
v 207.52997 88.700569 22.5625
v 154.38997 88.700554 14.8125
v 154.38997 88.700554 23.53125
v 144.38997 88.700546 27.164062
v 144.38997 88.700546 21.59375
v 144.38997 88.700546 19.65625
v 197.44296 88.700562 16.75
v 197.44296 114.29006 23.53125
v 197.44296 114.29006 14.8125
v 144.38997 114.29005 14.8125
v 154.38997 114.29005 26.4375
v 154.38997 114.29005 23.53125
v 154.38997 114.29005 28.375
v 154.38997 114.29005 18.6875
v 154.38997 114.29005 21.59375
v 207.52997 88.700569 14.8125
v 197.44296 88.700562 19.65625
v 144.38997 88.700546 24.5
v 77.871468 85.248398 10
v 64.68856 110.60016 10
v 64.68856 108.06498 10
v 64.688568 90.318756 10
v 64.688568 87.783577 10
v 71.280014 82.713226 10
v 67.984291 82.713226 10
v 71.280014 123.27602 10
v 74.575737 123.27602 10
v 64.688568 100.45946 10
v 64.688568 97.924278 10
v 77.871468 82.713226 2.5
v 77.871468 82.713226 5
v 77.871468 82.713226 7.5
v 64.688568 82.713226 2.5
v 64.688568 82.713226 5
v 64.688568 82.713226 7.5
v 74.575745 82.713226 10
v 64.68856 123.27602 2.5
v 64.68856 123.27602 5
v 64.68856 123.27602 7.5
v 77.87146 123.27602 2.5
v 77.87146 123.27602 5
v 77.87146 123.27602 7.5
v 67.984283 123.27602 10
v 77.87146 110.60016 10
v 77.87146 113.13533 10
v 77.87146 120.74084 10
v 64.68856 120.74084 10
v 64.68856 118.20567 10
v 64.68856 105.5298 10
v 64.688568 95.389099 10
v 64.688568 85.248398 10
v 64.68856 102.99463 10
v 77.87146 118.20567 10
v 77.87146 108.06498 10
v 77.871468 87.14978 10
v 77.871468 95.389099 10
v 77.87146 98.241173 10
v 77.87146 115.6705 10
v 64.68856 115.6705 10
v 77.871468 92.853928 10
v 64.68856 113.13533 10
v 64.688568 92.853928 10
v 77.87146 102.99463 10
v 77.87146 101.09325 10
v 77.87146 105.5298 10
v 77.871468 90.001854 10
v 19.009752 147.155 18.75
v 19.009752 147.155 16.875
v 8.1901569 102.107 18.75
v 8.1901569 102.107 16.875
v 8.1901445 141.524 30
v 8.1901455 138.7085 30
v 8.1901484 130.26199 30
v 8.1901493 127.4465 30
v 8.1901512 119 30
v 8.1901522 116.1845 30
v 8.190155 107.73801 30
v 8.190156 104.9225 30
v 8.1901426 147.155 6.5625
v 8.1901426 147.155 9.375
v 19.009752 147.155 15
v 19.009752 147.155 13.125
v 19.009768 102.10701 6.5625
v 19.009768 102.10701 9.375
v 8.1901569 102.107 15
v 8.1901569 102.107 13.125
v 8.1901464 135.89301 30
v 8.1901474 133.0775 30
v 19.009756 134.48526 30
v 19.009754 137.30075 30
v 19.009764 114.07288 30
v 19.009764 116.1845 30
v 8.1901426 147.155 11.25
v 8.1901426 147.155 13.125
v 8.1901426 147.155 18.75
v 8.1901426 147.155 21.5625
v 19.009752 147.155 3.75
v 19.009752 147.155 1.875
v 10.895044 147.155 30
v 13.599947 147.155 30
v 19.009752 147.155 27.1875
v 19.009752 147.155 24.375
v 19.009768 102.10701 11.25
v 19.009768 102.10701 13.125
v 19.009768 102.10701 18.75
v 19.009768 102.10701 21.5625
v 8.1901569 102.107 3.75
v 8.1901569 102.107 1.875
v 16.304865 102.10701 30
v 13.599962 102.10701 30
v 8.1901569 102.107 27.1875
v 8.1901569 102.107 24.375
v 8.1901503 124.631 30
v 8.1901512 121.8155 30
v 19.009752 147.155 9.375
v 19.009752 147.155 7.5
v 19.009752 147.155 21.5625
v 8.1901569 102.107 9.375
v 8.1901569 102.107 7.5
v 8.1901569 102.107 21.5625
v 8.1901436 144.33951 30
v 8.1901426 147.155 27.1875
v 8.1901426 147.155 24.375
v 8.1901426 147.155 15.9375
v 19.009768 102.10701 27.1875
v 19.009768 102.10701 24.375
v 19.009768 102.10701 15.9375
v 16.30485 147.155 30
v 10.89506 102.107 30
v 8.1901541 110.5535 30
v 19.009762 119 30
v 8.1901569 102.107 5.625
v 8.1901569 102.107 11.25
v 8.1901426 147.155 1.875
v 8.1901426 147.155 3.75
v 8.1901531 113.369 30
v 19.009752 147.155 5.625
v 19.009752 147.155 11.25
v 19.009768 102.10701 1.875
v 19.009768 102.10701 3.75
v 19.009754 143.63562 30
v 19.009762 121.11163 30
v 19.00976 123.22325 30
v 19.009754 140.11624 30
v 19.009758 131.66975 30
v 19.009758 128.85425 30
v 19.009764 111.01131 30
v 19.009766 108.16144 30
v 19.009766 105.20845 30
v 19.00976 126.03875 30
v 36.786293 18.603912 43.875
v 36.786293 18.603912 47.25
v 33.639938 33.557812 54
v 31.425997 31.343887 54
v 39.543789 39.461613 43.875
v 39.543789 39.461613 47.25
v 27.73609 27.654009 23.625
v 27.73609 27.654009 20.25
v 46.331364 32.674042 54
v 44.06884 34.936565 54
v 29.998642 25.391483 54
v 32.261192 23.12896 54
v 48.593887 30.411516 23.625
v 48.593887 30.411516 20.25
v 36.786293 18.603912 10.125
v 36.786293 18.603912 13.5
v 36.786293 18.603912 37.125
v 36.786293 18.603912 40.5
v 42.69009 24.507713 54
v 44.904015 26.721642 54
v 47.117939 28.935566 54
v 41.806313 37.199089 54
v 34.523743 20.866436 54
v 37.329845 37.247688 54
v 35.115902 35.03376 54
v 39.543789 39.461613 10.125
v 39.543789 39.461613 13.5
v 39.543789 39.461613 37.125
v 39.543789 39.461613 40.5
v 27.73609 27.654009 50.625
v 27.73609 27.654009 48.09375
v 48.593887 30.411516 50.625
v 48.593887 30.411516 48.09375
v 36.786293 18.603912 16.875
v 27.73609 27.654009 13.5
v 27.73609 27.654009 10.125
v 39.543789 39.461613 16.875
v 48.593887 30.411516 13.5
v 48.593887 30.411516 10.125
v 27.73609 27.654009 27
v 27.73609 27.654009 29.53125
v 27.73609 27.654009 43.03125
v 27.73609 27.654009 45.5625
v 39.543789 39.461613 27
v 39.543789 39.461613 23.625
v 48.593887 30.411516 27
v 48.593887 30.411516 29.53125
v 48.593887 30.411516 43.03125
v 48.593887 30.411516 45.5625
v 36.786293 18.603912 27
v 36.786293 18.603912 23.625
v 39.543789 39.461613 30.375
v 36.786293 18.603912 50.625
v 36.786293 18.603912 30.375
v 36.786293 18.603912 6.75
v 36.786293 18.603912 33.75
v 27.73609 27.654009 16.875
v 41.214142 23.031765 54
v 39.543789 39.461613 6.75
v 39.543789 39.461613 33.75
v 39.543789 39.461613 50.625
v 48.593887 30.411516 16.875
v 36.786293 18.603912 20.25
v 39.543789 39.461613 20.25
v 27.73609 27.654009 32.0625
v 27.73609 27.654009 34.59375
v 48.593887 30.411516 32.0625
v 48.593887 30.411516 34.59375
v 39.543789 39.461613 3.375
v 36.786293 18.603912 3.375
v 27.73609 27.654009 37.125
v 27.73609 27.654009 40.5
v 48.593887 30.411516 37.125
v 48.593887 30.411516 40.5
v 27.73609 27.654009 3.375
v 48.593887 30.411516 3.375
v 27.73609 27.654009 6.75
v 48.593887 30.411516 6.75
v 39.000214 20.817837 54
v 29.581043 29.498947 54
v 77.735596 35.407211 54
v 77.735596 32.573448 54
v 77.735596 29.739685 54
v 88.727081 41.074741 54
v 88.727081 43.908504 54
v 88.727081 46.742268 54
v 77.735596 26.905924 3.375
v 77.735596 26.905924 16.875
v 77.735596 26.905924 13.5
v 88.727081 49.576031 3.375
v 88.727081 49.576031 16.875
v 88.727081 49.576031 13.5
v 77.735588 46.742264 54
v 77.735588 43.908501 54
v 77.735588 41.074738 54
v 88.727089 29.739689 54
v 88.727089 32.573452 54
v 88.727089 35.407215 54
v 77.735596 38.240974 54
v 88.727081 38.240978 54
v 88.727089 26.905928 30.375
v 88.727089 26.905928 33.75
v 77.735588 49.576027 30.375
v 77.735588 49.576027 33.75
v 80.483467 26.905924 54
v 83.231339 26.905926 54
v 85.979218 26.905928 54
v 80.483459 49.576027 54
v 83.231339 49.576031 54
v 85.97921 49.576031 54
v 88.727081 49.576031 6.75
v 88.727081 49.576031 20.25
v 88.727089 26.905928 3.375
v 77.735596 26.905924 6.75
v 77.735596 26.905924 20.25
v 77.735588 49.576027 3.375
v 77.735588 49.576027 37.125
v 77.735588 49.576027 50.625
v 88.727089 26.905928 6.75
v 88.727089 26.905928 9.28125
v 88.727089 26.905928 20.25
v 88.727089 26.905928 22.78125
v 88.727089 26.905928 37.125
v 77.735588 49.576027 6.75
v 77.735588 49.576027 9.28125
v 77.735588 49.576027 20.25
v 77.735588 49.576027 22.78125
v 77.735596 26.905924 39.65625
v 77.735596 26.905924 37.125
v 88.727081 49.576031 39.65625
v 88.727081 49.576031 37.125
v 88.727089 26.905928 11.8125
v 77.735588 49.576027 11.8125
v 77.735588 49.576027 43.875
v 77.735588 49.576027 40.5
v 77.735596 26.905924 44.71875
v 77.735596 26.905924 42.1875
v 77.735596 26.905924 47.25
v 88.727081 49.576031 44.71875
v 88.727081 49.576031 42.1875
v 88.727081 49.576031 47.25
v 88.727081 49.576031 23.625
v 88.727081 49.576031 26.15625
v 88.727089 26.905928 27.84375
v 77.735596 26.905924 23.625
v 77.735596 26.905924 26.15625
v 77.735588 49.576027 27.84375
v 88.727089 26.905928 14.34375
v 88.727089 26.905928 16.875
v 88.727089 26.905928 43.875
v 88.727089 26.905928 47.25
v 77.735596 26.905924 10.125
v 77.735596 26.905924 50.625
v 77.735588 49.576027 14.34375
v 77.735588 49.576027 16.875
v 77.735588 49.576027 47.25
v 88.727081 49.576031 10.125
v 88.727081 49.576031 50.625
v 88.727089 26.905928 40.5
v 88.727089 26.905928 50.625
v 77.735596 26.905924 34.804688
v 88.727081 49.576031 34.804688
v 88.727089 26.905928 25.3125
v 77.735588 49.576027 25.3125
v 88.727081 49.576031 29.636719
v 88.727081 49.576031 32.484375
v 77.735596 26.905924 29.636719
v 77.735596 26.905924 32.484375
v 177.40396 158.66006 36.75
v 177.40396 158.66006 34.125
v 177.40396 152.66006 42
v 177.40396 149.66006 42
v 193.13995 152.66006 42
v 193.13995 155.66006 42
v 177.40396 146.66006 36.75
v 177.40396 146.66006 34.125
v 193.13995 158.66006 36.75
v 193.13995 158.66006 34.125
v 177.40396 155.66006 42
v 179.37096 146.66006 42
v 185.27196 146.66006 42
v 187.23895 146.66006 42
v 179.37096 158.66006 42
v 187.23895 158.66006 42
v 185.27196 158.66006 42
v 193.13995 149.66006 42
v 193.13995 146.66006 18.375
v 193.13995 146.66006 21
v 177.40396 146.66006 2.625
v 177.40396 158.66006 18.375
v 177.40396 158.66006 21
v 193.13995 158.66006 2.625
v 193.13995 146.66006 16.078125
v 177.40396 158.66006 16.078125
v 193.13995 158.66006 6.234375
v 193.13995 158.66006 9.1875
v 193.13995 158.66006 39.375
v 193.13995 146.66006 13.78125
v 177.40396 146.66006 6.234375
v 177.40396 146.66006 9.1875
v 177.40396 158.66006 13.78125
v 193.13995 146.66006 34.125
v 193.13995 146.66006 31.5
v 177.40396 146.66006 39.375
v 177.40396 158.66006 31.5
v 177.40396 146.66006 31.5
v 193.13995 158.66006 31.5
v 193.13995 146.66006 23.625
v 177.40396 158.66006 23.625
v 182.32146 146.66006 42
v 190.18945 146.66006 42
v 182.32146 158.66006 42
v 190.18945 158.66006 42
v 193.13995 146.66006 36.75
v 193.13995 146.66006 39.375
v 177.40396 158.66006 39.375
v 193.13995 146.66006 29.285156
v 177.40396 158.66006 29.285156
v 193.13995 158.66006 12.140625
v 177.40396 146.66006 12.140625
v 177.40396 146.66006 23.625
v 177.40396 146.66006 21
v 193.13995 158.66006 23.625
v 193.13995 158.66006 21
v 193.13995 158.66006 19.03125
v 177.40396 146.66006 19.03125
v 193.13995 146.66006 10.828125
v 193.13995 146.66006 8.859375
v 177.40396 158.66006 10.828125
v 177.40396 158.66006 8.859375
v 193.13995 146.66006 2.953125
v 177.40396 158.66006 2.953125
v 193.13995 146.66006 27.070312
v 177.40396 158.66006 27.070312
v 177.40396 146.66006 17.0625
v 193.13995 158.66006 17.0625
v 193.13995 146.66006 5.90625
v 177.40396 158.66006 5.90625
v 177.40396 146.66006 15.09375
v 193.13995 158.66006 15.09375
v 193.13995 158.66006 28.134384
v 177.40396 146.66006 28.134384
v 157.13995 142.39604 39.375
v 160.13995 142.39604 42
v 157.13995 142.39604 10.5
v 157.13995 142.39604 13.125
v 169.13995 142.39606 10.5
v 169.13995 142.39606 7.875
v 157.13995 126.66006 21
v 157.13995 126.66006 18.375
v 157.13995 126.66006 10.5
v 157.13995 126.66006 7.875
v 169.13995 134.52806 42
v 169.13995 136.49506 42
v 169.13995 142.39606 21
v 169.13995 142.39606 23.953125
v 157.13995 142.39604 31.5
v 157.13995 142.39604 34.125
v 163.13995 126.66006 42
v 166.13995 126.66006 42
v 157.13995 139.93729 42
v 157.13995 137.47855 42
v 157.13995 134.52805 42
v 169.13995 126.66006 15.75
v 169.13995 126.66006 13.125
v 157.13995 142.39604 7.875
v 157.13995 142.39604 2.625
v 157.13995 142.39604 5.25
v 169.13995 142.39606 2.625
v 157.13995 126.66006 26.25
v 157.13995 126.66006 28.875
v 157.13995 126.66006 39.375
v 157.13995 129.1188 42
v 157.13995 142.39604 28.875
v 157.13995 142.39604 26.25
v 157.13995 142.39604 23.625
v 157.13995 142.39604 21
v 157.13995 142.39604 18.375
v 169.13995 128.62706 42
v 160.13995 126.66006 42
v 166.13995 142.39606 42
v 163.13995 142.39606 42
v 169.13995 126.66006 28.875
v 169.13995 126.66006 31.5
v 169.13995 126.66006 39.375
v 157.13995 126.66006 23.625
v 157.13995 126.66006 13.125
v 157.13995 126.66006 34.125
v 157.13995 126.66006 36.75
v 169.13995 142.39606 31.828125
v 169.13995 142.39606 34.78125
v 157.13995 142.39604 36.75
v 169.13995 142.39606 5.25
v 169.13995 126.66006 36.75
v 169.13995 126.66006 34.125
v 169.13995 126.66006 26.25
v 169.13995 126.66006 23.625
v 169.13995 126.66006 5.25
v 169.13995 126.66006 2.625
v 157.13995 142.39604 15.75
v 169.13995 142.39606 18.375
v 169.13995 142.39606 15.421875
v 157.13995 126.66006 2.953125
v 157.13995 126.66006 5.90625
v 157.13995 126.66006 15.75
v 169.13995 142.39606 26.90625
v 169.13995 142.39606 28.875
v 169.13995 142.39606 12.46875
v 169.13995 126.66006 10.5
v 169.13995 126.66006 7.875
v 157.13995 126.66006 31.5
v 169.13995 142.39606 38.0625
v 169.13995 139.44556 42
v 169.13995 131.57756 42
v 169.13995 126.66006 20.671875
v 157.13995 131.57755 42
v 169.13995 126.66006 17.71875
v 118.73096 156.38004 30
v 116.75795 156.38004 30
v 126.62296 128.42505 30
v 128.59595 128.42505 30
v 130.56895 128.42505 19.6875
v 130.56895 128.42505 16.875
v 114.78495 156.38004 19.6875
v 114.78495 156.38004 16.875
v 127.60945 156.38005 30
v 124.64996 156.38005 30
v 120.70396 128.42503 30
v 123.66345 128.42505 30
v 130.56895 156.38005 13.125
v 130.56895 156.38005 15.9375
v 130.56895 156.38005 18.75
v 130.56895 128.42505 9.375
v 130.56895 128.42505 6.5039062
v 114.78497 128.42503 13.125
v 114.78497 128.42503 15.9375
v 114.78497 128.42503 18.75
v 114.78495 156.38004 9.375
v 114.78495 156.38004 6.5039062
v 130.56895 128.42505 12.1875
v 130.56895 128.42505 15
v 130.56895 128.42505 22.5
v 114.78497 128.42503 10.3125
v 114.78497 128.42503 7.5
v 114.78497 128.42503 24.375
v 114.78497 128.42503 21.5625
v 114.78495 156.38004 12.1875
v 114.78495 156.38004 15
v 114.78495 156.38004 22.5
v 130.56895 156.38005 10.3125
v 130.56895 156.38005 7.5
v 130.56895 156.38005 24.375
v 130.56895 156.38005 21.5625
v 114.78496 135.41379 30
v 114.78497 131.9194 30
v 130.56895 149.3913 30
v 130.56895 152.88568 30
v 114.78497 128.42503 5.625
v 114.78497 128.42503 2.8125
v 130.56895 156.38005 5.625
v 130.56895 156.38005 2.8125
v 130.56895 128.42505 28.125
v 130.56895 128.42505 25.3125
v 114.78495 156.38004 28.125
v 114.78495 156.38004 25.3125
v 114.78496 152.88565 30
v 114.78496 149.39128 30
v 114.78496 145.89691 30
v 114.78496 142.40253 30
v 114.78496 138.90816 30
v 117.74446 128.42503 30
v 130.56895 145.89693 30
v 130.56895 142.40256 30
v 130.56895 138.90817 30
v 130.56895 135.4138 30
v 130.56895 131.91943 30
v 130.56895 156.38005 27.1875
v 114.78497 128.42503 27.1875
v 121.69046 156.38004 30
v 130.56895 128.42505 3.515625
v 114.78495 156.38004 3.515625
v 113.34796 55.675137 9
v 93.421799 78.187531 9
v 116.66898 69.745384 9
v 116.66898 66.931335 9
v 116.66898 64.117287 9
v 116.66898 61.303238 9
v 116.66898 58.489189 9
v 116.66898 78.187538 2.25
v 90.100784 64.117279 9
v 90.100784 66.931328 9
v 90.100777 69.745377 9
v 90.100777 72.559433 9
v 90.100777 75.373482 9
v 90.100784 55.675129 2.25
v 116.66898 55.675137 2.25
v 116.66898 55.675137 4.5
v 106.7059 78.187538 9
v 110.02692 78.187538 9
v 116.66898 75.373489 9
v 116.66898 72.559433 9
v 90.100784 58.489182 9
v 90.100784 61.30323 9
v 90.100784 55.675129 6.75
v 90.100784 55.675129 4.5
v 116.66898 78.187538 6.75
v 116.66898 55.675137 6.75
v 90.100777 78.187531 6.75
v 90.100777 78.187531 4.5
v 90.100777 78.187531 2.25
v 103.38489 55.675133 9
v 100.06386 55.675133 9
v 103.38487 78.187531 9
v 95.082321 55.675129 9
v 97.57309 55.675133 9
v 106.70591 55.675133 9
v 92.591553 55.675129 9
v 116.66898 78.187538 4.5
v 100.06385 78.187531 9
v 113.34795 78.187538 9
v 96.742828 78.187531 9
v 110.02693 55.675133 9
v 90.917961 97.026436 30
v 90.917961 99.937637 30
v 90.917961 102.84883 30
v 82.893768 91.204033 30
v 82.893768 88.292831 30
v 82.893768 85.38163 30
v 90.917969 85.38163 30
v 90.917969 88.292831 30
v 90.917969 91.204033 30
v 82.893761 99.937637 30
v 82.893761 97.026436 30
v 90.917961 94.115234 30
v 82.893761 94.115234 30
v 87.90889 105.76003 30
v 87.90889 82.470428 30
v 84.899818 82.470428 30
v 82.893761 105.76003 26.25
v 82.893761 105.76003 28.125
v 90.917961 105.76003 11.25
v 90.917961 105.76003 9.375
v 82.893768 82.470428 27.1875
v 82.893768 82.470428 24.375
v 82.893768 82.470428 11.25
v 82.893768 82.470428 9.375
v 90.917961 105.76003 3.75
v 90.917961 105.76003 6.5625
v 90.917961 105.76003 14.0625
v 90.917961 105.76003 18.75
v 90.917961 105.76003 21.5625
v 90.917961 105.76003 26.25
v 90.917961 105.76003 28.125
v 90.917969 82.470428 28.125
v 90.917969 82.470428 26.25
v 90.917969 82.470428 23.4375
v 90.917969 82.470428 18.75
v 90.917969 82.470428 15.9375
v 82.893768 82.470428 3.75
v 82.893768 82.470428 6.5625
v 82.893768 82.470428 18.75
v 82.893768 82.470428 21.5625
v 82.893768 82.470428 1.875
v 82.893761 105.76003 23.4375
v 82.893761 105.76003 18.75
v 82.893761 105.76003 15.9375
v 82.893761 105.76003 20.625
v 90.917969 82.470428 20.625
v 82.893768 82.470428 14.0625
v 90.917969 82.470428 11.25
v 90.917969 82.470428 8.4375
v 82.893761 105.76003 11.25
v 82.893761 105.76003 8.4375
v 90.917961 105.76003 24.375
v 90.917961 105.76003 16.875
v 82.893761 105.76003 2.8125
v 82.893761 105.76003 5.625
v 82.893761 105.76003 13.125
v 90.917961 105.76003 1.875
v 90.917969 82.470428 2.8125
v 90.917969 82.470428 5.625
v 90.917969 82.470428 13.125
v 82.893768 82.470428 16.875
v 82.893761 102.84883 30
v 32.237865 104.92813 14
v 32.237865 107.47226 14
v 32.237865 110.01639 14
v 57.756577 102.38403 14
v 54.921165 102.38402 14
v 62.482265 102.38403 3.5
v 32.237865 115.10463 14
v 32.237865 117.64876 14
v 32.237865 120.19289 14
v 36.963554 122.73701 14
v 39.798965 122.73701 14
v 49.250343 102.38402 14
v 46.414925 102.38402 14
v 62.482262 122.73702 7
v 62.482262 122.73702 10.5
v 32.237865 112.56051 14
v 45.469788 122.73701 14
v 47.360062 122.73701 14
v 42.634377 122.73701 14
v 52.085754 102.38402 14
v 36.963554 102.38402 14
v 34.600708 102.38402 14
v 62.482262 122.73702 3.5
v 62.482262 120.1929 14
v 62.482262 117.64877 14
v 62.482262 115.10464 14
v 62.482265 107.47227 14
v 62.482265 104.92815 14
v 32.237865 102.38401 3.5
v 32.237865 102.38401 7
v 32.237865 102.38401 10.5
v 32.237865 122.73701 10.5
v 32.237865 122.73701 7
v 32.237865 122.73701 3.5
v 50.195473 122.73701 14
v 54.921162 122.73701 14
v 57.756577 122.73701 14
v 41.68924 102.38402 14
v 43.579514 102.38402 14
v 53.030884 122.73701 14
v 38.853828 102.38402 14
v 60.119423 102.38403 14
v 62.482262 110.0164 14
v 62.482262 112.56052 14
v 60.119419 122.73701 14
v 34.600708 122.73701 14
v 62.482265 102.38403 7
v 62.482265 102.38403 10.5
v 28.700377 68.010208 43.998501
v 38.171577 70.609016 21.99925
v 38.171577 70.609016 19.936821
v 28.700382 53.976707 21.99925
v 28.700382 53.976707 19.936821
v 38.171581 62.292862 43.998501
v 38.171577 65.411423 43.998501
v 28.700378 62.292858 43.998501
v 28.70038 59.174301 43.998501
v 28.700377 70.609009 32.998875
v 28.700377 70.609009 35.748779
v 38.171581 53.976711 32.998875
v 38.171581 53.976711 35.748779
v 38.171581 59.174309 43.998501
v 28.700378 65.411415 43.998501
v 38.171577 70.609016 27.499062
v 38.171577 70.609016 30.248968
v 38.171577 70.609016 2.7499063
v 38.171577 70.609016 5.4998126
v 38.171581 53.976711 30.248968
v 38.171581 53.976711 21.99925
v 38.171581 53.976711 19.249344
v 38.171581 53.976711 16.499437
v 38.171581 53.976711 13.749531
v 28.700382 53.976707 27.499062
v 28.700382 53.976707 30.248968
v 28.700382 53.976707 2.7499063
v 28.700382 53.976707 5.4998126
v 28.700377 70.609009 30.248968
v 28.700377 70.609009 21.99925
v 28.700377 70.609009 19.249344
v 28.700377 70.609009 16.499437
v 28.700377 70.609009 13.749531
v 28.700377 70.609009 2.7499063
v 28.700377 70.609009 5.4998126
v 38.171581 53.976711 2.7499063
v 38.171581 53.976711 5.4998126
v 28.700377 70.609009 27.499062
v 38.171581 53.976711 27.499062
v 38.171577 70.609016 8.2497187
v 38.171577 70.609016 38.498688
v 38.171577 70.609016 41.248596
v 38.171581 53.976711 38.498688
v 38.171581 53.976711 24.749157
v 28.700382 53.976707 8.2497187
v 28.700382 53.976707 38.498688
v 28.700382 53.976707 41.248596
v 28.700377 70.609009 24.749157
v 38.171581 53.976711 10.999625
v 38.171581 53.976711 8.2497187
v 28.700377 70.609009 10.999625
v 28.700377 70.609009 8.2497187
v 38.171577 70.609016 32.311398
v 38.171577 70.609016 12.374578
v 38.171577 70.609016 10.312149
v 28.700382 53.976707 32.311398
v 28.700382 53.976707 12.374578
v 28.700382 53.976707 10.312149
v 38.171577 70.609016 24.749157
v 28.700382 53.976707 24.749157
v 38.171577 70.609016 15.124484
v 38.171577 70.609016 17.87439
v 38.171581 53.976711 41.248596
v 28.700382 53.976707 15.124484
v 28.700382 53.976707 17.87439
v 28.700377 70.609009 41.248596
v 28.700377 70.609009 38.498688
v 38.171577 70.609016 35.405041
v 28.700382 53.976707 35.405041
v 33.435982 53.976707 43.998501
v 31.068182 53.976707 43.998501
v 38.171577 68.010223 43.998501
v 38.171581 56.575508 43.998501
v 33.435978 70.609016 43.998501
v 59.194164 99.870621 12.5
v 59.194164 99.870621 10
v 49.707069 87.396431 40
v 49.707069 84.901596 40
v 49.707069 94.880936 40
v 49.707069 92.386101 40
v 59.194172 84.901596 40
v 59.194168 87.396439 40
v 59.194168 89.891273 40
v 59.194168 92.386108 40
v 49.707069 89.891266 40
v 54.450623 79.911926 40
v 56.822395 79.911926 40
v 59.194172 82.406761 40
v 52.078842 99.870613 40
v 49.707066 97.375778 40
v 54.450615 99.870621 40
v 59.194164 99.870621 2.5
v 59.194164 99.870621 5
v 59.194164 99.870621 7.5
v 59.194164 99.870621 15
v 59.194164 99.870621 22.5
v 59.194164 99.870621 25
v 59.194172 79.911926 7.5
v 59.194172 79.911926 5
v 59.194172 79.911926 15
v 59.194172 79.911926 12.5
v 59.194172 79.911926 17.5
v 49.707073 79.911919 2.5
v 49.707073 79.911919 5
v 49.707073 79.911919 22.5
v 49.707073 79.911919 25
v 49.707066 99.870613 12.5
v 49.707066 99.870613 10
v 49.707066 99.870613 17.5
v 49.707066 99.870613 15
v 59.194164 99.870621 27.5
v 49.707073 79.911919 27.5
v 49.707066 99.870613 23.75
v 49.707066 99.870613 28.4375
v 59.194172 79.911926 23.75
v 59.194172 79.911926 28.4375
v 49.707066 99.870613 7.8125
v 59.194172 79.911926 10
v 59.194164 99.870621 17.5
v 59.194164 99.870621 20
v 59.194172 79.911926 20
v 49.707073 79.911919 15.3125
v 49.707073 79.911919 17.5
v 49.707066 99.870613 20
v 49.707073 79.911919 20
v 59.194172 79.911926 2.5
v 59.194164 94.880951 40
v 49.707066 99.870613 5.625
v 49.707066 99.870613 2.8125
v 49.707073 79.911919 7.5
v 59.194164 99.870621 30.3125
v 49.707073 79.911919 30.3125
v 49.707066 99.870613 31.25
v 59.194172 79.911926 31.25
v 59.194164 99.870621 32.265625
v 59.194164 99.870621 34.21875
v 49.707073 79.911919 32.265625
v 49.707073 79.911919 34.21875
v 59.194164 99.870621 37.5
v 49.707073 79.911919 37.5
v 59.194172 79.911926 33.632812
v 49.707066 99.870613 33.632812
v 49.707066 99.870613 37.011719
v 59.194172 79.911926 37.011719
v 49.707073 79.911919 10.3125
v 49.707073 79.911919 13.125
v 56.822388 99.870621 40
v 52.07885 79.911926 40
v 59.524757 132.34001 8
v 59.524757 132.34001 10
v 74.479652 139.81802 13
v 74.479652 132.34003 4
v 59.524757 132.34001 13
v 59.524754 139.81801 13
v 59.524757 132.34001 3
v 59.524754 139.81801 5
v 59.524754 139.81801 2
v 74.479652 132.34003 6
v 74.479652 139.81802 8
v 74.479652 139.81802 10
v 74.479652 132.34003 8
v 59.524754 139.81801 8
v 74.479652 132.34003 11
v 59.524757 132.34001 6
v 74.479652 139.81802 2
v 74.479652 139.81802 5
v 74.479652 136.31271 16
v 74.479652 134.32637 16
v 59.524757 134.2095 16
v 59.524754 137.01376 16
v 59.524754 139.81801 10
v 67.002205 132.34003 16
v 63.73082 132.34003 16
v 61.627789 132.34003 16
v 69.806244 132.34003 16
v 70.974594 139.81802 16
v 68.988403 139.81802 16
v 64.198166 139.81801 16
v 67.002205 139.81802 16
v 72.142944 132.34003 16
v 207.76096 157.52606 12
v 210.51945 157.52608 12
v 205.00246 121.70207 12
v 202.24396 154.16757 12
v 202.24396 144.09207 12
v 202.24396 146.33107 12
v 213.27795 121.70207 3
v 213.27795 121.70207 6
v 213.27795 121.70207 9
v 207.76096 121.70207 12
v 202.24396 121.70207 6
v 202.24396 121.70207 3
v 210.51945 121.70207 12
v 202.24396 150.80907 12
v 202.24396 127.29958 12
v 202.24396 123.94107 12
v 213.27795 126.18008 12
v 213.27795 128.41908 12
v 202.24396 157.52606 3
v 202.24396 157.52606 6
v 202.24396 157.52606 9
v 205.00246 157.52606 12
v 213.27795 157.52608 9
v 213.27795 157.52608 6
v 213.27795 157.52608 3
v 213.27795 144.09207 12
v 213.27795 141.85307 12
v 213.27795 154.16757 12
v 213.27795 150.80907 12
v 202.24396 121.70207 9
v 202.24396 130.65808 12
v 202.24396 132.89708 12
v 202.24396 148.57007 12
v 213.27795 147.45056 12
v 202.24396 139.61407 12
v 202.24396 141.85307 12
v 202.24396 137.37508 12
v 213.27795 139.61407 12
v 213.27795 137.37508 12
v 213.27795 123.94107 12
v 202.24396 135.13608 12
v 213.27795 130.65808 12
v 213.27795 134.01657 12
v 114.78497 109.17567 30
v 114.78497 106.23988 30
v 114.78497 115.04726 30
v 114.78497 112.11147 30
v 122.04197 97.432526 30
v 122.04197 100.36831 30
v 114.78497 100.36831 30
v 114.78497 97.432526 30
v 122.04197 103.30409 30
v 118.41347 117.98304 30
v 122.04197 106.23988 30
v 122.04196 109.17567 30
v 114.78497 94.496735 2.8125
v 114.78497 94.496735 5.625
v 114.78497 94.496735 11.25
v 114.78497 94.496735 14.0625
v 114.78497 94.496735 18.75
v 114.78497 94.496735 21.5625
v 114.78497 117.98304 18.75
v 114.78497 117.98304 15.9375
v 122.04196 117.98304 2.8125
v 122.04196 117.98304 5.625
v 122.04196 117.98304 11.25
v 122.04196 117.98304 14.0625
v 122.04196 117.98304 18.75
v 122.04196 117.98304 21.5625
v 114.78497 117.98304 10.3125
v 114.78497 117.98304 13.125
v 114.78497 117.98304 2.8125
v 122.04196 117.98304 24.375
v 122.04196 117.98304 16.875
v 122.04196 117.98304 8.4375
v 122.04197 94.496735 10.3125
v 122.04197 94.496735 13.125
v 122.04197 94.496735 2.8125
v 114.78497 94.496735 24.375
v 114.78497 94.496735 16.875
v 114.78497 94.496735 8.4375
v 122.04197 94.496735 15.9375
v 122.04197 94.496735 18.75
v 114.78497 117.98304 5.625
v 114.78497 117.98304 7.5
v 122.04197 94.496735 5.625
v 122.04197 94.496735 7.5
v 114.78497 117.98304 20.625
v 122.04197 94.496735 21.679688
v 114.78497 94.496735 27.1875
v 114.78497 103.30409 30
v 122.04196 117.98304 27.1875
v 122.04196 115.04726 30
v 122.04196 112.11147 30
v 122.04197 94.496735 28.125
v 122.04197 94.496735 24.84375
v 114.78497 117.98304 22.734375
v 118.41347 94.496735 30
v 114.78497 117.98304 27.152395
v 68.755081 73.094223 56.5569
v 65.227028 73.094223 56.5569
v 75.811188 58.037704 56.5569
v 61.698982 54.563118 38.882866
v 61.698982 54.563118 42.417675
v 75.81118 73.094223 38.882866
v 75.81118 73.094223 42.417675
v 72.283127 73.094223 56.5569
v 61.698982 63.828671 56.5569
v 61.698982 61.512283 56.5569
v 61.698978 68.461449 56.5569
v 61.698982 66.145058 56.5569
v 75.81118 66.145065 56.5569
v 75.81118 69.619644 56.5569
v 75.81118 63.828674 56.5569
v 65.227036 54.563118 56.5569
v 68.755081 54.563118 56.5569
v 61.698982 54.563118 47.719887
v 61.698982 54.563118 45.068779
v 61.698982 54.563118 7.0696125
v 61.698982 54.563118 10.604419
v 61.698982 54.563118 21.208838
v 61.698982 54.563118 24.743645
v 75.81118 73.094223 21.208838
v 75.81118 73.094223 24.743645
v 61.698978 73.094223 24.743645
v 61.698978 73.094223 28.27845
v 61.698978 73.094223 38.882866
v 61.698978 73.094223 42.417675
v 75.81118 73.094223 47.719887
v 75.81118 73.094223 45.068779
v 75.81118 73.094223 17.67403
v 75.81118 73.094223 14.139225
v 61.698982 54.563118 36.231762
v 75.81118 73.094223 36.231762
v 61.698982 54.563118 15.906628
v 61.698982 54.563118 18.557732
v 61.698978 73.094223 14.139225
v 61.698978 73.094223 10.604419
v 61.698978 73.094223 17.67403
v 61.698978 73.094223 45.952484
v 75.81118 73.094223 10.604419
v 61.698982 54.563118 28.27845
v 61.698982 54.563118 33.580658
v 61.698982 54.563118 50.370991
v 75.81118 73.094223 33.580658
v 75.81118 73.094223 50.370991
v 61.698978 73.094223 31.813255
v 75.81118 73.094223 28.27845
v 75.811188 54.563122 7.0696125
v 75.811188 54.563122 9.7207174
v 75.811188 54.563122 21.208838
v 75.811188 54.563122 23.859943
v 75.811188 54.563122 35.348061
v 75.811188 54.563122 37.999165
v 75.811188 54.563122 53.022095
v 61.698982 54.563118 53.022095
v 75.811188 54.563122 3.5348063
v 75.81118 73.094223 3.5348063
v 75.811188 54.563122 43.301376
v 75.811188 54.563122 40.650269
v 75.811188 54.563122 15.022926
v 75.811188 54.563122 12.371822
v 61.698978 73.094223 7.0696125
v 61.698978 73.094223 49.487289
v 61.698978 73.094223 53.022095
v 61.698978 73.094223 3.5348063
v 75.81118 73.094223 7.0696125
v 75.811188 54.563122 17.67403
v 75.811188 54.563122 45.952484
v 75.811188 54.563122 49.487289
v 61.698978 73.094223 35.348061
v 61.698978 73.094223 21.208838
v 75.81118 73.094223 53.022095
v 61.698982 54.563118 3.5348063
v 75.811188 54.563122 31.813255
v 61.698982 54.563118 13.255524
v 75.811188 54.563122 29.162151
v 75.811188 54.563122 26.511047
v 61.698982 54.563118 30.929554
v 75.81118 73.094223 30.929554
v 61.698982 58.037697 56.5569
v 72.283134 54.563122 56.5569
v 61.698978 70.777832 56.5569
v 75.811188 61.512287 56.5569
v 219.63396 149.67807 35.75
v 219.63396 149.67807 38.5
v 219.63396 149.67807 41.25
v 237.28297 94.927322 44
v 237.28297 98.577377 44
v 237.28297 102.22742 44
v 237.28297 113.17757 44
v 237.28296 116.82762 44
v 237.28297 91.277275 35.75
v 237.28297 91.277275 38.5
v 235.07684 91.277275 44
v 219.63396 149.67807 5.5
v 219.63396 149.67807 8.25
v 219.63396 149.67807 11
v 219.63396 149.67807 13.75
v 237.28296 149.67807 38.5
v 237.28296 149.67807 35.75
v 237.28296 149.67807 33
v 237.28296 149.67807 30.25
v 237.28296 149.67807 27.5
v 237.28296 149.67807 24.75
v 237.28296 149.67807 11
v 237.28296 149.67807 8.25
v 237.28296 149.67807 5.5
v 237.28296 149.67807 2.75
v 237.28296 124.12773 44
v 237.28296 127.77778 44
v 237.28296 146.02802 44
v 219.63397 94.927322 44
v 219.63397 109.52752 44
v 219.63397 105.87747 44
v 237.28297 91.277275 5.5
v 237.28297 91.277275 8.25
v 237.28297 91.277275 11
v 237.28297 91.277275 13.75
v 219.63397 91.277267 38.5
v 219.63397 91.277267 35.75
v 219.63397 91.277267 33
v 219.63397 91.277267 30.25
v 219.63397 91.277267 27.5
v 219.63397 91.277267 24.75
v 219.63396 149.67807 24.75
v 219.63396 149.67807 27.5
v 237.28297 91.277275 24.75
v 237.28297 91.277275 27.5
v 219.63397 91.277267 5.5
v 219.63397 91.277267 8.25
v 219.63396 149.67807 16.5
v 219.63396 149.67807 19.25
v 237.28297 91.277275 16.5
v 237.28297 91.277275 19.25
v 219.63396 149.67807 30.25
v 219.63396 149.67807 33
v 237.28297 91.277275 30.25
v 237.28297 91.277275 33
v 219.63397 91.277267 11
v 237.28296 120.47768 44
v 219.63396 146.02802 44
v 219.63396 142.37796 44
v 219.63397 124.12772 44
v 219.63397 120.47767 44
v 237.28297 91.277275 41.25
v 237.28296 149.67807 22
v 237.28296 149.67807 41.25
v 219.63397 91.277267 2.75
v 219.63397 91.277267 22
v 219.63397 91.277267 41.25
v 219.63396 149.67807 2.75
v 219.63396 149.67807 22
v 228.45847 149.67807 44
v 230.66458 149.67807 44
v 232.87071 149.67807 44
v 235.07684 149.67807 44
v 237.28296 149.67807 14.78125
v 237.28296 149.67807 12.890625
v 237.28297 91.277275 2.75
v 237.28297 91.277275 22
v 228.45847 91.277267 44
v 226.25235 91.277267 44
v 224.04622 91.277267 44
v 221.84009 91.277267 44
v 219.63396 138.72791 44
v 219.63396 127.77777 44
v 237.28296 138.72794 44
v 237.28296 142.37798 44
v 237.28296 131.42783 44
v 237.28296 135.07788 44
v 237.28297 105.87747 44
v 219.63396 135.07787 44
v 219.63397 98.57737 44
v 219.63397 102.22742 44
v 231.76767 91.277275 44
v 219.63397 113.17757 44
v 225.14926 149.67807 44
v 222.3916 149.67807 44
v 237.28296 149.67807 17.875
v 219.63397 91.277267 17.875
v 219.63397 91.277267 14.78125
v 237.28296 149.67807 19.9375
v 219.63397 91.277267 19.9375
v 219.63396 131.42783 44
v 219.63397 91.277267 12.890625
v 237.28297 109.52753 44
v 219.63397 116.82762 44
v 144.81299 62.132847 15
v 144.81299 62.132847 17.5
v 144.81299 62.132847 5
v 144.81299 62.132847 2.5
v 144.81299 62.132847 10
v 144.81299 62.132847 7.5
v 144.81299 62.132847 12.5
v 143.73297 73.425842 17.1875
v 143.73297 73.425842 13.75
v 143.73297 73.425842 8.75
v 143.73297 73.425842 11.25
v 143.73297 73.425842 3.125
v 143.73297 73.425842 6.25
v 186.63597 76.016563 28.5
v 186.63597 76.016563 30.875
v 186.63599 67.25766 14.25
v 186.63599 67.25766 10.6875
v 186.63597 76.016563 8.3125
v 186.63597 76.016563 4.75
v 186.63597 76.016563 33.25
v 186.63597 76.016563 35.625
v 186.63597 76.016563 16.625
v 186.63597 76.016563 19
v 186.63597 76.016563 21.375
v 186.63597 76.016563 23.75
v 186.63599 67.25766 33.25
v 186.63599 67.25766 30.875
v 186.63599 67.25766 35.625
v 186.63599 67.25766 24.9375
v 186.63599 67.25766 28.5
v 186.63599 67.25766 3.5625
v 186.63597 76.016563 2.375
v 186.63597 76.016563 11.875
v 186.63597 76.016563 14.25
v 186.63599 67.25766 7.125
v 186.63597 76.016563 26.125
v 186.63599 67.25766 21.375
v 186.63599 67.25766 17.8125
v 159.14996 73.345154 4
v 159.14996 73.345154 2
v 159.14996 73.345154 6
v 100.34895 143.89304 3.5
v 100.34895 143.89304 7
v 100.34895 143.89304 10.5
v 100.71696 124.34203 14.25
v 100.71696 124.34203 10.6875
v 100.71696 124.34203 3.5625
v 100.71696 124.34203 21.375
v 100.71696 124.34203 23.75
v 96.424362 124.34203 30.875
v 96.424362 124.34203 27.3125
v 100.71696 124.34203 26.125
v 100.71696 124.34203 16.625
v 100.71696 124.34203 19
v 100.71696 124.34203 30.875
v 100.71696 124.34203 33.25
v 96.424362 124.34203 11.875
v 96.424362 124.34203 8.90625
v 100.71696 124.34203 7.125
v 96.424362 124.34203 23.75
v 100.71696 124.34203 28.5
v 100.71696 124.34203 35.625
v 96.424362 124.34203 34.4375
v 96.424362 124.34203 17.8125
v 96.424362 124.34203 14.84375
v 96.424362 124.34203 5.9375
v 96.424362 124.34203 2.96875
v 96.424362 124.34203 20.78125
v 187.60295 136.52606 8.125
v 187.60295 136.52606 3.4375
v 187.60295 136.52606 6.25
v 197.44296 91.899246 9
v 197.44296 95.097939 9
v 197.44296 98.296631 9
v 197.44296 101.49532 9
v 197.44296 104.694 9
v 197.44296 107.89268 9
v 197.44296 111.09137 9
v 154.38997 91.899246 9
v 154.38997 95.097931 9
v 154.38997 101.4953 9
v 154.38997 98.296616 9
v 154.38997 111.09137 9
v 154.38997 107.89268 9
v 154.38997 104.69398 9
# </points>

# <edges count="2777">
l 851 852
l 853 854
l 855 856
l 857 858
l 859 853
l 1 860
l 854 1
l 860 114
l 2 115
l 861 2
l 862 863
l 864 865
l 866 863
l 867 868
l 869 870
l 871 3
l 869 2
l 858 872
l 871 873
l 874 851
l 875 876
l 877 878
l 879 880
l 881 855
l 882 883
l 884 885
l 867 886
l 856 880
l 873 857
l 852 887
l 864 116
l 866 865
l 888 889
l 890 891
l 4 890
l 859 4
l 868 119
l 120 892
l 892 875
l 893 877
l 885 886
l 881 122
l 118 889
l 4 115
l 123 883
l 882 872
l 894 876
l 895 887
l 893 894
l 5 114
l 896 897
l 896 884
l 861 3
l 898 888
l 870 879
l 891 899
l 899 898
l 900 862
l 900 1
l 6 878
l 874 6
l 895 3
l 5 901
l 901 6
l 897 5
l 902 903
l 7 904
l 904 905
l 905 906
l 906 907
l 908 7
l 8 909
l 907 910
l 910 911
l 911 912
l 913 914
l 915 916
l 916 902
l 917 918
l 919 920
l 921 922
l 923 924
l 925 124
l 926 927
l 928 929
l 930 931
l 932 125
l 933 934
l 935 936
l 937 938
l 914 939
l 919 918
l 917 940
l 7 938
l 937 941
l 941 942
l 942 943
l 943 944
l 944 945
l 945 8
l 903 946
l 946 947
l 947 9
l 948 949
l 923 922
l 921 920
l 925 950
l 951 952
l 953 954
l 954 955
l 956 957
l 957 958
l 959 960
l 961 962
l 963 964
l 10 912
l 960 10
l 908 965
l 966 967
l 968 969
l 970 968
l 928 970
l 930 971
l 909 931
l 972 8
l 973 972
l 933 973
l 939 934
l 9 913
l 10 974
l 924 949
l 915 974
l 929 971
l 9 948
l 127 936
l 935 962
l 961 975
l 975 964
l 963 976
l 976 977
l 951 950
l 978 952
l 979 955
l 959 958
l 126 967
l 966 926
l 927 969
l 940 980
l 953 978
l 956 979
l 980 932
l 977 965
l 11 981
l 982 11
l 12 983
l 981 984
l 13 982
l 985 986
l 14 128
l 987 988
l 989 990
l 986 129
l 991 992
l 993 994
l 984 995
l 996 997
l 128 985
l 988 12
l 998 999
l 1000 1001
l 1002 1003
l 1004 1005
l 1006 1007
l 993 1008
l 1009 1002
l 1010 1011
l 1012 994
l 1013 1014
l 997 989
l 1013 992
l 1009 1014
l 1015 1016
l 1017 1018
l 1019 1020
l 1020 1021
l 1022 1023
l 1023 1024
l 1025 1026
l 1027 1028
l 1029 1030
l 1031 1032
l 1033 1034
l 1035 130
l 1036 1037
l 1038 1039
l 1040 1038
l 1041 1034
l 1042 1032
l 1043 1039
l 1044 1045
l 1046 1047
l 1048 1049
l 129 13
l 1050 1051
l 1052 1000
l 1011 991
l 1052 1008
l 1053 1024
l 1022 1021
l 1019 1018
l 1054 1055
l 1035 1041
l 1033 1042
l 1031 1030
l 1027 1026
l 1036 1056
l 999 1057
l 1003 1058
l 1049 1059
l 1060 1001
l 1061 1054
l 1043 1062
l 1050 1004
l 1007 1063
l 1064 1060
l 14 1064
l 1065 1056
l 1066 1062
l 1006 1046
l 1047 1005
l 14 983
l 12 1010
l 132 1059
l 1058 1016
l 1067 133
l 1012 1048
l 1017 1061
l 15 1025
l 1028 1029
l 16 990
l 1053 16
l 998 1068
l 1068 136
l 1037 1057
l 1066 1065
l 11 1040
l 15 995
l 13 1051
l 1044 1069
l 137 1069
l 135 1055
l 1045 1063
l 1015 1067
l 15 996
l 1070 987
l 1070 16
l 1071 17
l 1072 1073
l 1074 17
l 1075 138
l 1076 1077
l 18 1078
l 1079 1075
l 1080 1081
l 1082 1083
l 1084 19
l 20 139
l 1085 142
l 1078 1085
l 1086 1087
l 1088 1089
l 143 1072
l 1073 1074
l 1071 20
l 1090 21
l 21 1091
l 20 1079
l 1077 18
l 1092 1093
l 17 1080
l 1081 1082
l 1083 1087
l 1086 1084
l 1094 1093
l 1095 1090
l 18 1096
l 1076 1092
l 139 1097
l 144 1098
l 1098 1089
l 1088 19
l 21 1094
l 1096 1097
l 1099 1095
l 1100 141
l 1100 1091
l 19 1099
l 1101 22
l 1102 23
l 23 1103
l 145 1104
l 24 1105
l 1106 1102
l 1107 1108
l 1104 1109
l 22 1110
l 1110 25
l 1105 1106
l 23 1111
l 1111 145
l 1112 24
l 1113 1112
l 1114 1113
l 1115 1107
l 1116 148
l 1109 1101
l 1103 1117
l 1118 146
l 147 1119
l 1119 1120
l 1120 1121
l 1121 24
l 1122 1123
l 1123 1124
l 1122 25
l 149 1124
l 26 1125
l 25 1126
l 150 1108
l 1127 1118
l 1114 26
l 1116 1117
l 1128 1129
l 1115 22
l 1130 1126
l 1125 1127
l 1131 1130
l 1131 1132
l 1132 1133
l 1133 1128
l 26 1129
l 1134 27
l 1135 1136
l 27 1137
l 1137 28
l 152 1134
l 28 1138
l 1138 1139
l 1139 1140
l 1140 29
l 153 1141
l 1141 152
l 30 1142
l 1143 30
l 1144 1143
l 1145 1144
l 31 1145
l 29 1146
l 1147 27
l 1148 1149
l 1150 1151
l 1152 1153
l 1154 1155
l 155 1156
l 1157 1158
l 1159 1160
l 1161 1158
l 1146 1162
l 1162 1150
l 1151 1163
l 1163 31
l 1164 1165
l 1165 1166
l 1167 1168
l 1169 1170
l 1171 1136
l 1172 31
l 1173 1174
l 1152 1175
l 1176 1177
l 1178 1179
l 1180 1181
l 1178 1182
l 1183 1184
l 1185 1186
l 1187 1155
l 1188 1148
l 1189 1190
l 32 1160
l 1191 1192
l 1193 1194
l 1195 1196
l 1161 1197
l 1172 1135
l 1198 1199
l 1200 1201
l 1181 1182
l 1202 1203
l 1204 1147
l 1196 1157
l 1205 1192
l 1191 1156
l 1206 1207
l 1176 1208
l 1173 1209
l 1210 1211
l 1212 1204
l 1149 1187
l 1169 1168
l 28 1186
l 1154 1213
l 1205 1214
l 1171 1170
l 1167 1166
l 1164 1198
l 156 1215
l 1215 1190
l 1189 1216
l 1216 1217
l 32 1142
l 1207 1209
l 1175 1208
l 1185 1203
l 1183 1180
l 1188 160
l 159 1179
l 1218 1202
l 1159 1201
l 153 1219
l 1219 32
l 29 1206
l 1200 1220
l 1197 30
l 1199 157
l 1212 1221
l 1217 1222
l 1177 158
l 1220 1222
l 1211 1218
l 1221 1213
l 1184 1210
l 1214 1193
l 1153 1174
l 1195 1223
l 1194 1223
l 162 1224
l 33 1225
l 34 1226
l 1227 1228
l 35 1229
l 1230 1231
l 1232 35
l 1233 1234
l 1235 1236
l 163 1237
l 1238 1239
l 1240 1236
l 1224 34
l 1226 1227
l 1228 166
l 1241 1242
l 33 1243
l 1244 1225
l 1229 1245
l 1246 1247
l 1248 1249
l 1234 1232
l 1250 1233
l 1237 1251
l 1251 1252
l 1230 1235
l 1240 36
l 36 1253
l 1254 1255
l 1255 167
l 164 1256
l 1256 1257
l 1257 1258
l 1258 35
l 1247 1238
l 37 1252
l 1259 37
l 1246 1245
l 1250 1242
l 162 36
l 33 1260
l 1260 1261
l 1261 1262
l 1262 168
l 1248 1244
l 1243 1241
l 1253 1254
l 1263 1231
l 37 1263
l 1239 1259
l 1249 34
l 1264 1265
l 1265 1266
l 1267 38
l 1268 1269
l 1270 39
l 40 1271
l 1272 1273
l 41 1274
l 1275 1276
l 1276 1277
l 1277 1278
l 1278 171
l 1279 1280
l 1280 1281
l 173 1282
l 1283 1284
l 1284 1285
l 1285 1286
l 1286 169
l 1266 1287
l 175 1264
l 42 1288
l 1289 1290
l 43 1291
l 1292 44
l 1293 45
l 1294 1295
l 1296 1297
l 1298 1299
l 1300 1301
l 1302 1303
l 1304 1267
l 1305 1268
l 1269 1270
l 1271 1272
l 1273 1306
l 1274 1307
l 1308 1309
l 1310 1311
l 1312 1313
l 176 1314
l 176 1315
l 1316 1317
l 1297 1318
l 1319 1320
l 1321 1322
l 1323 1324
l 1325 1326
l 170 1327
l 1328 1329
l 1330 1331
l 1332 1333
l 1334 1335
l 1336 1337
l 1338 1339
l 172 1340
l 1341 1342
l 41 1343
l 1344 1345
l 1346 1347
l 1348 1349
l 1321 1320
l 1279 1282
l 1334 1333
l 1288 1289
l 1290 1302
l 38 1350
l 1350 1351
l 1351 1352
l 1352 43
l 1353 42
l 1354 1353
l 1355 1354
l 39 1355
l 1291 1356
l 1357 1305
l 1358 1359
l 1287 1360
l 1361 1362
l 1363 1364
l 1365 1366
l 43 1359
l 1358 1367
l 1368 1369
l 1370 1371
l 174 1362
l 1372 1373
l 42 1313
l 1312 1374
l 1375 1376
l 1377 1378
l 45 1379
l 1379 1380
l 1380 1381
l 1381 40
l 1306 1382
l 1383 1292
l 1295 1293
l 1309 1294
l 44 1384
l 1384 1385
l 1385 1386
l 1386 41
l 1387 1388
l 1389 1390
l 40 1391
l 1392 1393
l 1394 1395
l 1396 1397
l 170 1398
l 1387 1399
l 1400 1401
l 1281 1402
l 1341 1403
l 1404 1310
l 1405 1340
l 1375 1406
l 1368 1407
l 1346 1408
l 1394 1409
l 1325 1324
l 1316 1315
l 1338 1337
l 1330 1298
l 1328 1327
l 1344 1343
l 1392 1391
l 1307 1308
l 1410 1411
l 1412 1366
l 1413 1296
l 1356 1357
l 1414 1415
l 1416 1361
l 1417 1300
l 1399 1418
l 1417 1390
l 1403 1419
l 1407 1367
l 1369 1420
l 1395 1421
l 1408 1345
l 1409 1393
l 1314 1422
l 1422 1378
l 1377 1423
l 1423 1376
l 39 1364
l 1363 1410
l 1411 1424
l 1425 1426
l 1365 1283
l 1317 1413
l 1318 1319
l 1322 1323
l 1326 172
l 1329 1299
l 1331 1332
l 1335 1336
l 1339 174
l 1405 1427
l 1342 45
l 1347 1428
l 1428 1348
l 1429 1398
l 1360 1430
l 1430 1371
l 1370 1420
l 38 1373
l 1372 1414
l 1431 1432
l 1415 1433
l 1434 1416
l 1435 1434
l 1431 1433
l 1304 1303
l 1374 1406
l 1301 1401
l 1388 44
l 1383 1382
l 1275 1389
l 1421 1396
l 1397 1436
l 1436 1402
l 1429 1349
l 1418 1400
l 1419 1404
l 1427 1437
l 1412 1426
l 1438 1425
l 1432 1435
l 1437 1311
l 1438 1424
l 46 1439
l 1440 1441
l 1442 1443
l 1444 1445
l 1446 1447
l 1448 1449
l 177 1450
l 1450 1451
l 1451 1452
l 1453 178
l 1454 1453
l 1455 1454
l 1456 1444
l 180 1457
l 1457 1458
l 1458 1459
l 1460 179
l 1461 1460
l 1462 1461
l 1463 1446
l 1464 1465
l 1466 47
l 1467 1468
l 1441 1469
l 1449 1470
l 1443 1471
l 1448 1472
l 1466 1473
l 1464 1474
l 1439 1475
l 1476 1477
l 1478 1473
l 1468 1479
l 1480 1476
l 1465 1478
l 1481 1440
l 1482 1442
l 1482 1470
l 1481 1479
l 1483 1484
l 1483 1485
l 1485 1474
l 1472 1469
l 1462 47
l 1486 1475
l 46 1452
l 46 1456
l 1459 48
l 48 1463
l 47 1447
l 48 1467
l 49 1445
l 1471 49
l 1455 49
l 1486 1480
l 1484 1477
l 1487 1488
l 1489 1490
l 1491 1492
l 1493 1494
l 1495 1496
l 1497 1498
l 1499 1500
l 1501 1502
l 1503 1504
l 1505 1506
l 1507 1508
l 1509 1510
l 1511 1512
l 1513 1514
l 1515 1516
l 1517 1518
l 1519 1520
l 1521 1522
l 1523 1524
l 1525 1526
l 1527 1528
l 1529 1530
l 1531 1532
l 1533 1534
l 1535 1536
l 1522 1537
l 1538 1539
l 1532 1540
l 50 1541
l 50 1542
l 1542 1543
l 1543 1516
l 1515 1544
l 51 1545
l 1545 1546
l 1546 1526
l 1525 1547
l 1514 1544
l 1520 1548
l 1488 1501
l 1524 1547
l 1530 1549
l 1490 1505
l 52 1548
l 1492 1507
l 1541 1491
l 1508 1493
l 1534 1495
l 1550 1497
l 1512 1551
l 53 1549
l 182 1528
l 1527 1552
l 1552 1539
l 1538 1553
l 1553 1506
l 1489 1540
l 1531 53
l 1554 181
l 1555 1554
l 1499 1555
l 1513 1500
l 53 1498
l 1556 1496
l 184 1518
l 1517 1557
l 1557 1536
l 1535 1558
l 1558 1502
l 1487 1537
l 1521 52
l 1559 183
l 1560 1559
l 1503 1560
l 1523 1504
l 1561 52
l 1562 1563
l 1561 1564
l 1565 1566
l 1556 1550
l 1567 1511
l 1519 50
l 1529 51
l 1494 1533
l 1562 1551
l 1568 1569
l 1510 1564
l 1565 1509
l 1570 1566
l 1570 1563
l 1567 1568
l 51 1569
l 1571 1572
l 1573 1574
l 1575 1576
l 1577 1578
l 54 1579
l 1579 1580
l 1581 1582
l 1583 1584
l 1585 1586
l 1587 1588
l 1589 1590
l 1590 1591
l 1580 1592
l 1582 1593
l 1594 1595
l 1596 1597
l 1598 1599
l 1600 1601
l 1602 1603
l 1586 1604
l 1605 1606
l 1597 1607
l 1608 1609
l 1610 1611
l 1612 1613
l 1613 1601
l 1614 1615
l 1616 1617
l 1618 1619
l 1619 1603
l 1620 1621
l 1610 1577
l 1616 1583
l 1575 1599
l 1622 1614
l 55 1623
l 1571 1588
l 1624 1620
l 1625 1585
l 1626 1587
l 1572 1623
l 1627 1605
l 1578 1627
l 1628 1589
l 1591 54
l 1595 1573
l 1629 1596
l 1630 1598
l 1576 1631
l 1632 1608
l 1584 1632
l 1604 1633
l 1607 1634
l 1635 1636
l 1637 1638
l 1630 1622
l 1629 1639
l 1626 1624
l 1625 1640
l 1641 1642
l 1643 1644
l 1611 1635
l 1636 1641
l 1642 1612
l 1617 1637
l 1638 1643
l 1644 1618
l 185 1645
l 1615 1634
l 186 1646
l 1621 1633
l 56 1600
l 54 1602
l 1647 1645
l 1648 1646
l 1639 187
l 1640 188
l 1581 56
l 1649 55
l 1592 57
l 1628 1649
l 1594 57
l 57 1631
l 55 1593
l 1648 1609
l 1650 1574
l 1647 1606
l 56 1650
l 1651 1652
l 1653 58
l 1654 1655
l 1656 59
l 1657 189
l 1658 1659
l 1660 190
l 1661 1662
l 60 1663
l 1664 1665
l 61 1666
l 1667 1668
l 1669 1651
l 1652 1653
l 1670 1654
l 1655 1656
l 1671 1672
l 1673 1674
l 1663 1664
l 1665 1669
l 58 1675
l 1675 1676
l 1676 1677
l 1677 61
l 1678 60
l 1679 1678
l 1680 1679
l 59 1680
l 1666 1667
l 1668 1670
l 1660 1681
l 1661 1682
l 1683 191
l 1657 1684
l 1658 1685
l 1686 192
l 1687 1674
l 60 1688
l 1689 1690
l 1691 1692
l 1672 1693
l 1694 1695
l 1696 1697
l 1698 1699
l 1700 1701
l 1690 1702
l 1695 1703
l 1704 1705
l 1706 1707
l 1708 1706
l 1709 1710
l 1711 1709
l 1712 1713
l 1671 1714
l 1715 1716
l 1673 1717
l 1683 1689
l 1718 1719
l 1719 1691
l 1720 1721
l 1659 1722
l 1722 1684
l 1715 1685
l 58 1723
l 1686 1694
l 1724 1725
l 1725 1696
l 1704 1726
l 1662 1727
l 1727 1681
l 1712 1682
l 59 1728
l 1729 1693
l 1705 1687
l 1721 1730
l 1730 61
l 1726 1688
l 1723 1708
l 1699 1731
l 1728 1711
l 1701 1732
l 1692 1733
l 1697 1734
l 1707 1698
l 1710 1700
l 1735 1736
l 1737 1738
l 1713 1735
l 1714 1733
l 1716 1737
l 1717 1734
l 1702 1718
l 1729 1720
l 1703 1724
l 1736 1732
l 1738 1731
l 1739 1740
l 1741 1742
l 1742 62
l 1743 1744
l 1744 63
l 1745 1746
l 1747 1748
l 64 1749
l 1749 1741
l 62 1750
l 1751 1752
l 1753 64
l 1754 1755
l 65 1756
l 1756 1743
l 1757 1758
l 1759 193
l 1760 1761
l 1762 194
l 1757 1763
l 1760 1764
l 1765 1766
l 1747 1767
l 1763 1768
l 1769 1770
l 1764 1771
l 1772 1773
l 1745 1774
l 1740 1775
l 62 1774
l 1746 1776
l 63 1767
l 1748 1777
l 1778 1758
l 1779 1761
l 1750 1780
l 1752 1781
l 1781 65
l 1782 1753
l 1755 1782
l 1783 1754
l 63 1783
l 1784 1785
l 1769 1759
l 1751 1780
l 1739 1786
l 1765 1762
l 1786 64
l 1773 1787
l 1775 1788
l 65 1785
l 1766 1789
l 1770 1790
l 1791 1792
l 1793 1794
l 1795 1794
l 1796 1792
l 1797 1798
l 1799 1800
l 195 1801
l 196 1802
l 1797 1768
l 1799 1771
l 1784 1772
l 1778 1803
l 1779 1804
l 1803 1787
l 1804 1788
l 1796 1805
l 1795 1806
l 1798 1807
l 1800 1808
l 1807 1801
l 1808 1802
l 1805 1809
l 1806 1810
l 1789 1810
l 1790 1809
l 1793 1811
l 1791 1812
l 1776 1812
l 1777 1811
l 1813 66
l 1814 66
l 1815 1816
l 1817 1818
l 1819 1820
l 1821 1822
l 1823 1824
l 1825 1826
l 1827 1828
l 1829 1830
l 1830 67
l 66 1831
l 1832 1833
l 1834 1835
l 1836 1815
l 1837 1838
l 1839 197
l 1840 1841
l 1842 68
l 68 1843
l 1827 1844
l 1845 1846
l 1847 1848
l 67 1849
l 1850 1829
l 69 1851
l 1851 1852
l 1852 1814
l 1853 1854
l 1855 67
l 1856 1819
l 1857 1821
l 1858 1859
l 1860 1861
l 1845 1844
l 1862 1813
l 1863 1818
l 1864 1865
l 1866 1867
l 1868 1869
l 1816 1870
l 1871 1872
l 1873 1874
l 1875 1820
l 1862 1828
l 1876 1877
l 1817 1878
l 1879 1880
l 1860 1877
l 1881 1858
l 1859 1842
l 1854 1865
l 1881 1841
l 1826 1876
l 1825 1871
l 1839 1863
l 1882 69
l 1883 1824
l 1823 1884
l 1884 1849
l 1855 1864
l 1853 1866
l 1867 1885
l 1835 1879
l 1880 1868
l 1869 198
l 1838 1836
l 1870 1848
l 199 1837
l 1882 1861
l 1872 1878
l 1857 1875
l 1886 1833
l 200 1873
l 1846 1847
l 1883 69
l 1840 1856
l 1874 1822
l 1885 1887
l 1850 68
l 1887 1834
l 1843 1886
l 1831 1832
l 1888 1889
l 1889 70
l 1890 1891
l 1892 1893
l 1894 1895
l 1896 1897
l 1898 1899
l 1900 1901
l 1901 1902
l 1903 1904
l 1905 1906
l 1906 1907
l 1908 1909
l 1910 1911
l 1892 1912
l 1913 1914
l 1915 1916
l 1917 1918
l 1894 1919
l 1920 1921
l 1922 1923
l 1924 1925
l 1926 1927
l 1903 1910
l 1928 1929
l 1905 1913
l 1908 1917
l 1930 1931
l 1900 1920
l 1891 71
l 1932 1933
l 1933 1912
l 1893 1911
l 1934 1935
l 1935 1919
l 1895 1918
l 70 1936
l 1936 1937
l 1938 1939
l 1940 1924
l 72 1941
l 1942 1926
l 1943 1942
l 1944 1943
l 1945 1944
l 1946 1945
l 71 1946
l 1941 1898
l 202 1931
l 1902 1923
l 1922 1947
l 1947 73
l 73 1927
l 71 1932
l 204 1929
l 1907 1916
l 1915 1948
l 1948 72
l 72 1925
l 1940 1939
l 1938 1937
l 70 1934
l 1914 1928
l 1890 1899
l 1921 1930
l 1888 1949
l 1949 1897
l 1896 73
l 201 1950
l 203 1951
l 1950 1904
l 1951 1909
l 74 1952
l 75 1953
l 1954 1955
l 1956 1957
l 1958 74
l 205 1959
l 1960 1961
l 1962 1963
l 1964 75
l 207 1965
l 1966 1967
l 1968 1969
l 1970 1971
l 1972 1973
l 1974 1975
l 76 1976
l 74 1977
l 1977 1967
l 1966 206
l 75 1978
l 1978 1979
l 1979 1980
l 1980 208
l 1981 1982
l 1983 1968
l 1984 1985
l 1981 1986
l 77 1987
l 1960 1973
l 1962 1961
l 1964 1963
l 1959 1988
l 1971 1954
l 1955 1956
l 1957 1958
l 1965 1975
l 1989 1983
l 1985 1982
l 1970 76
l 76 1990
l 1989 1991
l 1991 1953
l 1992 1986
l 1984 1987
l 1976 1988
l 1952 1992
l 1969 1990
l 1972 77
l 1974 77
l 1993 1994
l 1995 78
l 1996 1997
l 1998 79
l 80 1999
l 2000 2001
l 2002 2003
l 2004 1993
l 1994 1995
l 2005 1996
l 1997 1998
l 1999 2000
l 2001 2004
l 78 2006
l 2007 80
l 2008 2007
l 79 2008
l 2003 2005
l 2009 2010
l 2011 2012
l 2013 2014
l 2015 2016
l 2017 2018
l 2011 2019
l 2020 2021
l 2022 2023
l 2024 2025
l 2025 2026
l 2027 2028
l 2029 2030
l 2031 2032
l 2033 2029
l 2009 2034
l 2035 2036
l 2035 2037
l 2027 2038
l 2039 2015
l 2040 2041
l 2042 2043
l 2037 2034
l 2038 2026
l 2018 2012
l 2021 2044
l 2030 2016
l 2019 2045
l 2046 2047
l 2047 2043
l 2042 2048
l 2048 2036
l 78 2023
l 209 2046
l 2020 2045
l 2049 210
l 2017 2049
l 2050 2051
l 2051 2041
l 2040 2052
l 2052 2028
l 79 2013
l 211 2050
l 2014 2032
l 2033 212
l 2044 2022
l 80 2024
l 2053 2031
l 2039 2053
l 81 2054
l 2054 2002
l 81 2010
l 81 2006
l 82 2055
l 2056 2057
l 2058 2059
l 213 2060
l 2061 2062
l 2063 83
l 2064 2065
l 2066 2067
l 2068 2069
l 2069 84
l 2055 2056
l 2057 2070
l 2071 2072
l 2071 2073
l 2074 2059
l 2075 2076
l 215 2077
l 2077 2068
l 84 2078
l 2079 2080
l 2081 2082
l 214 2083
l 2083 2084
l 2084 2085
l 2085 82
l 2070 2061
l 2062 2063
l 83 2086
l 2086 2087
l 2087 2088
l 2088 216
l 2072 2089
l 2090 2091
l 2092 2093
l 2074 2066
l 2089 2094
l 2090 2094
l 2073 2065
l 2092 2095
l 2096 85
l 85 2082
l 2081 2097
l 2097 2098
l 2098 2080
l 2079 2078
l 84 2099
l 2058 2096
l 2100 83
l 2093 2067
l 2060 2101
l 2102 85
l 2091 2099
l 2095 2075
l 2102 2101
l 2076 82
l 2064 2100
l 2103 86
l 2104 2105
l 2106 2107
l 2108 2109
l 2110 2111
l 2112 2113
l 2114 2115
l 2116 2108
l 2117 2110
l 2118 2119
l 2120 2121
l 2114 2122
l 2123 2124
l 2125 2126
l 2127 2128
l 2129 2130
l 2112 2131
l 2132 2133
l 2134 2135
l 2136 2137
l 2138 2139
l 2140 2131
l 2141 2122
l 2121 2142
l 2143 2144
l 2145 2115
l 2141 2146
l 2130 2147
l 2148 2149
l 2140 2150
l 2151 2152
l 2153 2154
l 2155 2119
l 2156 2157
l 2158 2128
l 2159 2160
l 2104 2161
l 2106 2162
l 2132 2150
l 2123 2146
l 2142 2157
l 2156 2163
l 2164 2105
l 2161 2118
l 2165 2145
l 2126 2151
l 2152 2139
l 2138 217
l 2147 2160
l 2159 2166
l 2167 2107
l 2162 2127
l 2168 2169
l 2135 2153
l 2154 2137
l 2136 218
l 2143 2170
l 2120 219
l 2148 2171
l 2129 220
l 2134 2133
l 2125 2124
l 2170 2155
l 2171 2158
l 2163 2164
l 2166 2167
l 2172 2173
l 2173 87
l 87 2149
l 2113 2169
l 2117 2103
l 86 2168
l 2109 2174
l 2175 2116
l 88 2175
l 2144 89
l 89 2174
l 2172 88
l 2165 88
l 2176 89
l 2176 86
l 2111 87
l 2177 2178
l 2179 2180
l 2181 2182
l 2183 2184
l 2185 2186
l 2182 2187
l 2188 2189
l 2189 90
l 90 2190
l 2191 91
l 91 2192
l 2192 2181
l 2193 2191
l 2190 2183
l 2194 2195
l 2196 2178
l 2177 2197
l 2198 2199
l 2200 2201
l 2202 2203
l 2204 2202
l 2205 2206
l 2207 2208
l 2209 2210
l 2211 2212
l 2213 2199
l 2214 2208
l 2215 2216
l 2217 2218
l 2219 2210
l 2200 2220
l 2221 2222
l 2217 2223
l 2224 2225
l 2215 2226
l 2211 2226
l 2198 2222
l 2204 2223
l 2207 2227
l 2228 221
l 222 2194
l 2195 2196
l 2197 2221
l 2201 2228
l 2203 2220
l 2229 2186
l 2185 2184
l 2230 2231
l 223 2205
l 2206 2232
l 2225 2227
l 2212 2209
l 2179 2187
l 2213 2233
l 2214 2234
l 2216 2235
l 2218 2236
l 2237 2238
l 2239 2240
l 2241 2238
l 2242 2240
l 2243 2236
l 2244 2235
l 2245 91
l 2246 90
l 2246 2243
l 2245 2244
l 2237 2233
l 2239 2234
l 2232 2247
l 2248 2247
l 2248 2224
l 224 2231
l 2230 2219
l 92 2241
l 2249 92
l 2249 2193
l 2250 93
l 93 2242
l 2250 2188
l 93 2180
l 2229 92
l 2251 2252
l 2253 94
l 2254 225
l 2255 95
l 96 2256
l 2257 226
l 2258 2259
l 2254 2260
l 2261 2262
l 2263 2260
l 2252 2255
l 2264 2258
l 2263 2265
l 2251 2266
l 2267 2268
l 2268 2261
l 2262 2253
l 94 2269
l 2269 2270
l 227 2267
l 2257 2266
l 95 2271
l 2271 2272
l 2272 96
l 2259 228
l 2273 2264
l 2274 2275
l 2276 2275
l 2274 2277
l 95 2276
l 2278 2279
l 2273 2256
l 2280 2281
l 2270 97
l 97 2282
l 94 2278
l 2277 2282
l 2279 2281
l 2265 97
l 2280 96
l 2283 2284
l 2285 98
l 99 2286
l 2287 2288
l 2289 2290
l 2291 100
l 2292 2285
l 2293 2294
l 2295 2292
l 100 2295
l 2286 2296
l 2297 2298
l 2299 2300
l 231 2301
l 2302 2303
l 2303 99
l 2304 2283
l 2305 2306
l 2307 232
l 2308 2309
l 2310 2311
l 2312 2293
l 2313 2314
l 2294 229
l 230 2289
l 2290 2291
l 2315 2288
l 2313 2297
l 2316 2311
l 2317 2318
l 2317 2319
l 2320 2309
l 2320 2321
l 2304 99
l 100 2322
l 2301 2302
l 98 2298
l 2323 2319
l 2314 2323
l 2315 2296
l 98 2312
l 101 2284
l 2287 2318
l 2300 2324
l 2322 2299
l 2306 2307
l 2305 101
l 2325 2324
l 2321 2325
l 2316 2308
l 2310 101
l 2326 2327
l 2328 2329
l 2330 2331
l 2332 2333
l 2331 2334
l 102 2335
l 2336 2337
l 233 2338
l 2338 2339
l 2340 2341
l 2342 2343
l 2344 2345
l 234 2346
l 2346 2347
l 2348 2349
l 2350 2351
l 2352 2353
l 235 2354
l 2355 2351
l 2356 2349
l 2357 2347
l 2358 2359
l 236 2360
l 2361 2343
l 2362 2341
l 2363 2339
l 2348 2357
l 2364 2365
l 2340 2363
l 2354 2366
l 2366 2367
l 2360 2368
l 2368 2369
l 2334 2336
l 2344 2370
l 2365 2371
l 2362 2342
l 2372 103
l 103 2333
l 2332 2373
l 2373 2327
l 2326 2329
l 2352 2367
l 2356 2350
l 2374 102
l 102 2375
l 2375 2376
l 2376 2337
l 104 2377
l 2330 104
l 2377 2378
l 2358 2369
l 2353 2345
l 2370 2379
l 105 2335
l 2374 2355
l 2359 2364
l 104 2380
l 2380 103
l 2372 2361
l 2378 2371
l 105 2328
l 2379 2381
l 105 2381
l 2382 2383
l 2383 106
l 107 2384
l 2385 2386
l 2387 2388
l 2389 2382
l 2390 2391
l 2392 2393
l 2394 2395
l 2396 2394
l 108 2397
l 2397 2398
l 2399 2400
l 2401 2402
l 2403 2404
l 2405 2406
l 2407 2408
l 2409 2410
l 2411 2412
l 2413 2414
l 2385 2415
l 2387 2416
l 2417 2418
l 2419 2420
l 2419 2421
l 2410 2422
l 2414 2423
l 2424 2404
l 2425 2415
l 2399 2426
l 2427 2416
l 2411 2428
l 2408 2429
l 2430 2406
l 2393 2390
l 2431 2432
l 2433 2434
l 2435 2436
l 2437 107
l 108 2438
l 237 2439
l 2403 2418
l 239 2440
l 2441 2442
l 2443 2444
l 2445 2420
l 2446 2447
l 238 2448
l 2449 2440
l 2450 2433
l 2451 2452
l 2409 2453
l 2421 2454
l 2422 2446
l 2455 109
l 2400 2386
l 2401 2456
l 2435 2457
l 2455 2428
l 2412 2388
l 2439 2431
l 2448 2445
l 2429 2453
l 2443 2450
l 2417 2458
l 2458 2402
l 2459 2457
l 2460 2459
l 2461 2425
l 2426 2438
l 2462 2427
l 2391 2463
l 2432 2444
l 2434 2460
l 2436 2442
l 2452 2437
l 107 2464
l 2464 2398
l 2461 2424
l 240 2456
l 2392 2465
l 2407 2454
l 2430 2462
l 2396 2466
l 2466 2384
l 2451 2441
l 2405 2413
l 106 2465
l 2447 106
l 2463 108
l 109 2395
l 2449 2423
l 109 2389
l 2467 2468
l 2469 110
l 111 2470
l 2471 2472
l 2473 2474
l 2475 2476
l 111 2477
l 2478 2479
l 2480 2481
l 2482 2483
l 2484 2485
l 2486 2487
l 2488 2489
l 2490 2491
l 2492 2493
l 2494 112
l 2495 113
l 2496 2497
l 2498 2499
l 2500 2501
l 2502 2503
l 2504 2505
l 2506 2507
l 2508 2509
l 2510 2511
l 2512 2513
l 2514 2515
l 2516 2517
l 2518 2519
l 2520 2521
l 2522 2513
l 2509 2518
l 2519 2467
l 2468 2469
l 2470 2471
l 2474 2523
l 2524 2525
l 2526 2527
l 2511 2520
l 2521 2475
l 2476 2528
l 2490 2489
l 2529 2487
l 2486 2485
l 2484 2483
l 2482 2530
l 241 2491
l 2531 2512
l 2532 2507
l 2506 2505
l 2504 2503
l 2502 2533
l 242 2531
l 2534 2478
l 2481 2514
l 2515 2535
l 2536 2537
l 2537 2538
l 2538 2539
l 2539 112
l 112 2530
l 243 2534
l 2540 2541
l 2542 2498
l 2501 2516
l 2517 2543
l 2528 111
l 2544 2545
l 2545 2546
l 2546 2547
l 2547 113
l 113 2533
l 244 2542
l 2525 2548
l 2549 2526
l 2550 2551
l 2552 2553
l 2472 2554
l 2548 2555
l 2556 2557
l 2544 2558
l 2558 2477
l 2523 2492
l 2493 2552
l 2553 2550
l 2551 2494
l 2559 2496
l 2536 2560
l 2560 2561
l 110 2524
l 2561 110
l 2562 2540
l 2563 2564
l 2565 2562
l 2529 2565
l 2566 2563
l 2532 2566
l 2557 2497
l 2488 2541
l 2555 2567
l 2500 2499
l 2480 2479
l 2568 2564
l 2569 2473
l 2559 2570
l 2549 2567
l 2554 2569
l 2568 2522
l 2570 2527
l 2495 2556
l 2510 2543
l 2508 2535
l 2571 2572
l 2573 2574
l 2575 2576
l 2573 2576
l 2577 2575
l 117 2574
l 2577 2571
l 2572 114
l 2578 115
l 2579 2578
l 2580 2581
l 121 2582
l 2583 2582
l 2581 2579
l 2583 2580
l 2584 2585
l 2586 2587
l 2588 2589
l 2590 2591
l 2592 2593
l 2594 2595
l 2596 2597
l 2598 2596
l 2598 129
l 2599 2600
l 131 2601
l 2589 2602
l 2603 2604
l 2605 2601
l 2606 2595
l 2587 2605
l 2600 2597
l 2584 2606
l 2585 2590
l 2591 128
l 2599 2607
l 134 2602
l 2604 2592
l 2588 2603
l 2593 2594
l 2607 2608
l 2608 2586
l 2609 2610
l 2610 140
l 139 2611
l 2609 2611
l 2612 2613
l 2614 145
l 2614 2613
l 151 2612
l 2615 2616
l 154 2617
l 2618 2619
l 2620 2621
l 2622 2619
l 2623 2624
l 2625 2626
l 2627 2628
l 2629 2616
l 2630 2621
l 2625 2631
l 2632 2626
l 153 2633
l 2634 2635
l 2636 2637
l 2617 2629
l 2627 2635
l 2631 2622
l 2615 2623
l 152 2632
l 2633 2620
l 2638 2634
l 2628 2636
l 2637 161
l 2630 2638
l 2624 2618
l 2639 162
l 165 2640
l 2641 2639
l 2641 2640
l 172 2642
l 2642 2643
l 2643 2644
l 2644 2645
l 2645 2646
l 2646 2647
l 2647 2648
l 2648 170
l 2649 176
l 2650 2649
l 2651 2652
l 2653 2654
l 174 2653
l 2655 2654
l 2651 2655
l 2650 2652
l 116 245
l 245 117
l 118 246
l 246 247
l 247 248
l 248 116
l 119 249
l 122 121
l 120 250
l 250 251
l 251 252
l 252 253
l 253 254
l 254 255
l 255 256
l 256 123
l 117 119
l 257 122
l 121 118
l 123 257
l 249 120
l 258 259
l 259 260
l 260 261
l 261 262
l 262 263
l 263 264
l 264 124
l 126 265
l 265 266
l 266 267
l 267 268
l 268 269
l 269 270
l 270 271
l 271 127
l 124 272
l 272 273
l 273 274
l 274 275
l 275 276
l 276 277
l 277 278
l 278 125
l 125 279
l 279 280
l 280 281
l 281 282
l 282 283
l 283 284
l 284 285
l 285 126
l 127 258
l 286 132
l 132 134
l 287 133
l 288 287
l 289 288
l 135 289
l 130 290
l 290 291
l 291 292
l 292 293
l 293 294
l 294 135
l 136 295
l 295 296
l 296 297
l 297 130
l 298 136
l 299 300
l 134 299
l 131 137
l 133 286
l 137 298
l 300 131
l 140 138
l 141 301
l 302 303
l 303 304
l 304 140
l 142 302
l 143 305
l 306 307
l 308 309
l 310 311
l 144 312
l 312 313
l 313 314
l 314 141
l 315 143
l 316 317
l 301 318
l 318 316
l 319 142
l 305 306
l 307 308
l 309 310
l 311 144
l 138 315
l 317 319
l 146 320
l 320 321
l 321 322
l 322 147
l 323 324
l 325 326
l 327 328
l 329 330
l 331 329
l 332 333
l 334 332
l 147 334
l 149 335
l 335 323
l 324 325
l 326 327
l 328 146
l 336 149
l 150 336
l 330 150
l 337 151
l 148 337
l 333 148
l 151 331
l 338 339
l 340 156
l 341 155
l 339 341
l 157 338
l 155 340
l 342 343
l 344 342
l 345 344
l 346 345
l 158 346
l 159 347
l 347 348
l 160 349
l 349 159
l 350 160
l 154 350
l 161 351
l 351 154
l 156 352
l 352 161
l 348 353
l 343 157
l 353 158
l 354 163
l 355 356
l 357 358
l 359 164
l 360 361
l 362 363
l 364 365
l 366 165
l 166 366
l 367 368
l 369 166
l 164 370
l 371 372
l 373 374
l 375 376
l 356 354
l 377 355
l 358 377
l 167 357
l 361 359
l 363 360
l 365 362
l 163 364
l 168 378
l 378 367
l 368 379
l 379 369
l 370 371
l 372 373
l 374 375
l 376 168
l 165 167
l 380 381
l 382 383
l 384 385
l 386 387
l 388 169
l 389 390
l 391 392
l 393 394
l 395 396
l 397 395
l 171 397
l 398 173
l 399 400
l 401 402
l 403 401
l 404 403
l 169 404
l 405 175
l 406 405
l 407 406
l 408 407
l 409 171
l 410 411
l 412 413
l 414 415
l 416 408
l 417 418
l 419 420
l 421 422
l 383 423
l 424 425
l 426 384
l 427 428
l 390 388
l 392 389
l 394 391
l 175 393
l 411 409
l 413 410
l 415 412
l 173 414
l 418 429
l 430 431
l 432 419
l 433 434
l 435 382
l 385 424
l 428 386
l 396 436
l 437 416
l 438 417
l 434 421
l 439 380
l 423 439
l 425 435
l 387 426
l 402 427
l 429 437
l 431 438
l 422 432
l 436 433
l 381 399
l 400 398
l 420 430
l 177 440
l 441 442
l 178 443
l 443 444
l 444 445
l 445 177
l 179 446
l 446 447
l 447 448
l 448 180
l 180 449
l 450 451
l 452 453
l 454 455
l 455 456
l 457 458
l 459 460
l 461 462
l 463 464
l 465 466
l 466 467
l 468 469
l 470 471
l 440 452
l 442 472
l 449 463
l 451 473
l 474 475
l 453 441
l 472 454
l 456 457
l 458 459
l 460 461
l 462 179
l 464 450
l 473 465
l 467 468
l 469 474
l 475 470
l 471 178
l 476 477
l 478 479
l 181 480
l 480 481
l 481 482
l 482 483
l 483 484
l 484 485
l 485 486
l 486 487
l 487 488
l 488 489
l 489 490
l 490 491
l 491 492
l 492 493
l 493 494
l 494 182
l 183 495
l 495 496
l 496 497
l 497 498
l 498 499
l 499 500
l 500 501
l 501 502
l 502 503
l 503 504
l 504 505
l 505 506
l 506 507
l 507 508
l 508 509
l 509 184
l 184 476
l 510 181
l 182 478
l 511 183
l 477 510
l 479 511
l 185 512
l 186 513
l 514 515
l 516 514
l 517 516
l 518 517
l 187 518
l 519 520
l 521 519
l 522 521
l 523 522
l 188 523
l 512 524
l 513 525
l 526 188
l 524 526
l 527 187
l 525 527
l 515 185
l 520 186
l 528 529
l 530 531
l 189 528
l 529 532
l 190 530
l 531 533
l 191 534
l 535 190
l 192 536
l 537 189
l 534 538
l 538 539
l 539 540
l 540 541
l 541 542
l 536 543
l 543 544
l 544 545
l 545 546
l 546 547
l 542 535
l 547 537
l 532 191
l 533 192
l 548 549
l 550 551
l 193 552
l 552 553
l 553 554
l 554 555
l 555 556
l 194 557
l 557 558
l 558 559
l 559 560
l 560 561
l 195 548
l 562 194
l 196 550
l 563 193
l 549 562
l 551 563
l 556 195
l 561 196
l 564 197
l 565 564
l 566 565
l 567 566
l 568 567
l 198 568
l 569 199
l 570 571
l 197 570
l 572 200
l 573 572
l 574 573
l 575 574
l 576 575
l 199 576
l 577 578
l 579 577
l 200 579
l 571 569
l 578 198
l 201 580
l 580 581
l 581 582
l 582 583
l 583 584
l 584 585
l 585 586
l 586 202
l 203 587
l 587 588
l 588 589
l 589 590
l 590 591
l 591 592
l 592 593
l 593 204
l 204 594
l 594 595
l 595 596
l 596 597
l 597 598
l 598 201
l 202 599
l 599 600
l 600 601
l 601 602
l 602 603
l 603 203
l 604 205
l 605 606
l 206 607
l 608 207
l 609 610
l 208 611
l 612 206
l 613 614
l 615 616
l 617 618
l 619 208
l 620 621
l 622 623
l 624 625
l 626 627
l 628 629
l 627 604
l 606 630
l 607 605
l 629 608
l 610 631
l 611 609
l 618 615
l 207 617
l 621 619
l 625 622
l 205 624
l 623 620
l 631 628
l 630 626
l 616 613
l 614 612
l 632 209
l 633 632
l 210 633
l 634 211
l 212 635
l 636 637
l 638 636
l 639 638
l 640 639
l 641 640
l 642 641
l 211 642
l 643 212
l 644 643
l 645 644
l 646 645
l 647 646
l 648 647
l 649 648
l 209 649
l 637 210
l 635 634
l 214 650
l 651 215
l 652 653
l 654 655
l 656 657
l 658 659
l 660 661
l 662 663
l 664 216
l 665 666
l 667 668
l 669 670
l 671 672
l 653 651
l 655 652
l 657 654
l 213 656
l 673 214
l 659 673
l 661 658
l 663 660
l 216 662
l 674 675
l 666 676
l 668 677
l 215 678
l 679 680
l 672 681
l 682 674
l 680 683
l 683 684
l 670 679
l 681 669
l 650 671
l 675 664
l 676 682
l 677 665
l 678 667
l 684 213
l 685 686
l 687 685
l 688 687
l 689 688
l 217 689
l 690 691
l 692 690
l 693 692
l 694 693
l 218 694
l 695 696
l 219 695
l 697 698
l 220 697
l 696 699
l 698 700
l 699 218
l 700 217
l 686 219
l 691 220
l 701 702
l 703 704
l 221 705
l 705 706
l 706 707
l 707 708
l 708 709
l 709 710
l 710 711
l 711 222
l 712 713
l 713 714
l 714 715
l 715 716
l 716 717
l 717 718
l 718 223
l 222 701
l 719 224
l 223 703
l 704 720
l 720 221
l 702 719
l 224 712
l 721 722
l 723 227
l 724 723
l 225 724
l 725 226
l 726 725
l 228 726
l 727 225
l 728 727
l 729 728
l 730 729
l 731 730
l 226 731
l 722 228
l 732 721
l 733 732
l 734 733
l 227 734
l 735 736
l 737 738
l 739 740
l 229 741
l 741 742
l 742 743
l 743 230
l 230 744
l 745 746
l 747 748
l 749 750
l 751 229
l 752 735
l 753 737
l 754 739
l 232 755
l 756 745
l 757 747
l 758 749
l 759 232
l 736 760
l 738 761
l 740 762
l 763 764
l 744 765
l 746 766
l 748 767
l 750 768
l 760 751
l 761 752
l 762 753
l 764 754
l 769 231
l 755 770
l 765 756
l 766 757
l 767 758
l 768 759
l 770 769
l 231 763
l 771 233
l 772 771
l 773 772
l 774 773
l 775 774
l 776 775
l 777 776
l 235 777
l 778 234
l 779 778
l 780 779
l 781 780
l 782 781
l 783 782
l 784 783
l 236 784
l 785 235
l 234 785
l 786 236
l 233 786
l 238 787
l 788 789
l 790 237
l 791 790
l 792 791
l 793 240
l 794 793
l 795 796
l 797 795
l 798 239
l 799 798
l 789 800
l 801 788
l 237 801
l 802 238
l 803 802
l 804 803
l 787 797
l 805 799
l 806 794
l 800 805
l 796 806
l 240 792
l 239 804
l 807 808
l 809 810
l 811 809
l 812 811
l 813 812
l 814 813
l 815 814
l 816 815
l 817 816
l 818 819
l 820 818
l 821 820
l 822 823
l 824 822
l 825 824
l 826 825
l 827 826
l 828 827
l 829 828
l 830 829
l 831 830
l 832 831
l 833 834
l 835 833
l 836 835
l 837 243
l 838 837
l 839 838
l 840 839
l 841 840
l 842 841
l 843 842
l 241 843
l 844 244
l 845 844
l 846 845
l 847 846
l 848 847
l 849 848
l 850 849
l 242 850
l 823 242
l 808 241
l 810 807
l 244 821
l 243 836
l 819 817
l 834 832
# </edges>
